data_point, s1, s2, s3,"c( s1, s2)","c( s1, s3)","c( s2, s3)"
0,1.0,2.0,0.7,,,
1,1.009999833,1.99995,0.706999883,,,
2,1.019998667,1.999800007,0.713999067,,,
3,1.0299955,1.999550034,0.72099685,,,
4,1.039989334,1.999200107,0.727992534,,,
5,1.049979169,1.99875026,0.734985418,,,
6,1.059964006,1.99820054,0.741974805,,,
7,1.069942847,1.997551,0.748959993,,,
8,1.079914694,1.996801706,0.755940286,,,
9,1.089878549,1.995952733,0.762914984,,,
10,1.099833417,1.995004165,0.769883392,,,
11,1.109778301,1.993956098,0.776844811,,,
12,1.119712207,1.992808636,0.783798545,,,
13,1.129634143,1.991561894,0.7907439,,,
14,1.139543115,1.990215996,0.79768018,,,
15,1.149438132,1.988771078,0.804606693,,,
16,1.159318207,1.987227283,0.811522745,,,
17,1.169182349,1.985584767,0.818427644,,,
18,1.179029573,1.983843693,0.825320701,,,
19,1.188858895,1.982004235,0.832201226,-0.9648639968367971,0.9999999999999997,-0.9648639961618464
20,1.198669331,1.980066578,0.839068532,-0.970888849026813,0.9999999999999997,-0.9708888487608238
21,1.2084599,1.978030915,0.84592193,-0.9754861432594188,0.9999999999999998,-0.975486143206366
22,1.218229623,1.975897449,0.852760736,-0.9790694701614228,1.0,-0.979069470139613
23,1.227977524,1.973666395,0.859584266,-0.9819140518415915,0.9999999999999998,-0.9819140515977767
24,1.237702626,1.971337975,0.866391838,-0.9842083521699996,1.0,-0.984208351990987
25,1.247403959,1.968912422,0.873182771,-0.9860847308350765,0.9999999999999998,-0.9860847309346529
26,1.257080552,1.966389978,0.879956386,-0.987638229769027,1.0,-0.9876382295883536
27,1.266731437,1.963770896,0.886712006,-0.9889384657392283,1.0,-0.9889384657536857
28,1.276355649,1.961055438,0.893448954,-0.9900373335241777,0.9999999999999998,-0.9900373334858749
29,1.285952225,1.958243876,0.900166558,-0.9909741354191355,0.9999999999999998,-0.9909741357993315
30,1.295520207,1.955336489,0.906864145,-0.9917790627943756,1.0,-0.9917790632252557
31,1.305058636,1.95233357,0.913541046,-0.9924756107466185,1.0,-0.9924756113173984
32,1.314566561,1.949235418,0.920196592,-0.9930822782952802,0.9999999999999998,-0.9930822785187063
33,1.324043028,1.946042344,0.92683012,-0.9936137869706103,1.0,-0.9936137872938128
34,1.333487092,1.942754666,0.933440964,-0.9940819682623611,0.9999999999999998,-0.9940819685670145
35,1.342897807,1.939372713,0.940028465,-0.9944964152676704,0.9999999999999998,-0.9944964153737015
36,1.352274233,1.935896824,0.946591963,-0.994864973496797,1.0,-0.994864973458515
37,1.361615432,1.932327346,0.953130802,-0.9951941061431666,1.0,-0.9951941060103187
38,1.370920469,1.928664636,0.959644329,-0.995489177246841,1.0,-0.9954891772637408
39,1.380188415,1.92490906,0.966131891,-0.9957546677931444,0.9999999999999998,-0.9957546679707638
40,1.389418342,1.921060994,0.97259284,-0.9959943436286585,1.0,-0.9959943437393667
41,1.398609328,1.917120823,0.97902653,-0.9962113889022483,0.9999999999999998,-0.996211388925314
42,1.407760453,1.91308894,0.985432317,-0.996408509610806,1.0,-0.996408509445438
43,1.416870802,1.90896575,0.991809562,-0.9965880170114083,0.9999999999999998,-0.9965880170269781
44,1.425939465,1.904751663,0.998157626,-0.9967518947679589,1.0,-0.9967518947995737
45,1.434965534,1.900447102,1.004475874,-0.9969018530544747,1.0,-0.996901853064924
46,1.443948107,1.896052498,1.010763675,-0.9970393729534779,1.0,-0.9970393729782032
47,1.452886285,1.891568288,1.0170204,-0.9971657404118376,1.0,-0.9971657404433092
48,1.461779176,1.886994923,1.023245423,-0.9972820784012594,1.0,-0.9972820783937036
49,1.470625888,1.882332859,1.029438122,-0.9973893689403065,0.9999999999999998,-0.9973893688672956
50,1.479425539,1.877582562,1.035597877,-0.9974884755158193,1.0,-0.9974884753158294
51,1.488177247,1.872744508,1.041724073,-0.9975801584684648,0.9999999999999998,-0.9975801580838858
52,1.496880138,1.86781918,1.047816096,-0.9976650896297123,0.9999999999999998,-0.9976650892601558
53,1.505533341,1.862807071,1.053873339,-0.9977438644345029,1.0,-0.997743864078663
54,1.514135992,1.857708681,1.059895194,-0.9978170118474257,1.0,-0.9978170115432429
55,1.522687229,1.852524522,1.06588106,-0.9978850035451775,0.9999999999999998,-0.9978850032590978
56,1.531186198,1.847255111,1.071830339,-0.9979482599958226,0.9999999999999997,-0.9979482599209099
57,1.539632049,1.841900975,1.077742434,-0.9980071576205723,0.9999999999999998,-0.9980071577007094
58,1.548023937,1.83646265,1.083616756,-0.9980620341315857,0.9999999999999998,-0.9980620342443309
59,1.556361023,1.830940679,1.089452716,-0.9981131926302962,1.0,-0.9981131927540915
60,1.564642473,1.825335615,1.095249731,-0.998160906099594,1.0,-0.9981609062002325
61,1.57286746,1.819648018,1.101007222,-0.9982054204472983,0.9999999999999998,-0.9982054205639606
62,1.581035161,1.813878457,1.106724612,-0.9982469580255627,1.0,-0.9982469581332956
63,1.589144758,1.808027508,1.112401331,-0.9982857190886337,1.0,-0.9982857192633215
64,1.597195441,1.802095758,1.118036809,-0.9983218858152438,0.9999999999999996,-0.998321886005051
65,1.605186406,1.796083799,1.123630484,-0.9983556229397398,1.0,-0.9983556230814519
66,1.613116852,1.789992231,1.129181796,-0.99838707919716,1.0,-0.9983870792768287
67,1.620985987,1.783821666,1.134690191,-0.9984163908932994,1.0,-0.9984163909178061
68,1.628793024,1.777572719,1.140155117,-0.9984436806131944,1.0,-0.9984436807062324
69,1.636537182,1.771246015,1.145576028,-0.9984690602924032,0.9999999999999998,-0.9984690603847098
70,1.644217687,1.764842187,1.150952381,-0.9984926314733961,1.0,-0.9984926315720709
71,1.651833771,1.758361876,1.15628364,-0.9985144865285531,0.9999999999999998,-0.9985144865893553
72,1.659384672,1.751805729,1.16156927,-0.9985347090850697,0.9999999999999996,-0.9985347091193684
73,1.666869635,1.745174402,1.166808745,-0.9985533750863728,1.0,-0.9985533751039053
74,1.674287912,1.738468559,1.172001538,-0.9985705535654077,1.0,-0.9985705535248367
75,1.68163876,1.731688869,1.177147132,-0.9985863063672178,0.9999999999999996,-0.9985863063573235
76,1.688921445,1.724836011,1.182245012,-0.9986006896811168,0.9999999999999996,-0.9986006896531661
77,1.696135239,1.71791067,1.187294667,-0.9986137540024396,1.0,-0.9986137539274061
78,1.703279419,1.710913538,1.192295593,-0.9986255442272755,1.0,-0.9986255440555987
79,1.710353272,1.703845316,1.197247291,-0.9986361008409721,1.0,-0.9986361007754502
80,1.717356091,1.696706709,1.202149264,-0.9986454593615539,1.0,-0.9986454593292322
81,1.724287174,1.689498433,1.207001022,-0.9986536509553003,0.9999999999999998,-0.9986536509133412
82,1.73114583,1.682221207,1.211802081,-0.9986607026350774,0.9999999999999998,-0.9986607026995278
83,1.737931371,1.67487576,1.21655196,-0.9986666376995178,0.9999999999999997,-0.9986666377326591
84,1.74464312,1.667462826,1.221250184,-0.9986714753726873,1.0,-0.9986714753159522
85,1.751280405,1.659983146,1.225896284,-0.9986752310602048,1.0,-0.9986752311024083
86,1.757842563,1.652437468,1.230489794,-0.9986779171857783,0.9999999999999999,-0.9986779172657715
87,1.764328937,1.644826547,1.235030256,-0.9986795420975226,0.9999999999999999,-0.9986795421833599
88,1.770738879,1.637151144,1.239517215,-0.998680111090577,0.9999999999999999,-0.9986801110929415
89,1.777071748,1.629412027,1.243950223,-0.9986796261652128,1.0,-0.998679625955839
90,1.78332691,1.621609968,1.248328837,-0.9986780855158075,0.9999999999999999,-0.9986780853223789
91,1.78950374,1.613745749,1.252652618,-0.9986754841936539,1.0,-0.9986754839684999
92,1.79560162,1.605820157,1.256921134,-0.9986718140368062,0.9999999999999999,-0.9986718139317836
93,1.801619941,1.597833982,1.261133959,-0.9986670631432198,0.9999999999999999,-0.9986670630311251
94,1.8075581,1.589788025,1.26529067,-0.9986612160067269,0.9999999999999998,-0.9986612160047605
95,1.813415505,1.581683089,1.269390853,-0.9986542539164015,1.0,-0.9986542538654535
96,1.819191568,1.573519986,1.273434098,-0.9986461539411527,1.0,-0.9986461539282155
97,1.824885713,1.565299531,1.277419999,-0.9986368892597316,0.9999999999999999,-0.9986368893345962
98,1.83049737,1.557022547,1.281348159,-0.9986264292832273,0.9999999999999999,-0.9986264295018917
99,1.836025979,1.548689861,1.285218185,-0.9986147387678754,1.0,-0.9986147388637586
100,1.841470985,1.540302306,1.289029689,-0.998601777644892,1.0,-0.9986017776331831
101,1.846831845,1.531860721,1.292782291,-0.9985875012438316,0.9999999999999998,-0.9985875011587021
102,1.852108022,1.523365951,1.296475615,-0.9985718594849532,0.9999999999999997,-0.998571859414177
103,1.857298989,1.514818845,1.300109292,-0.998554796882777,1.0,-0.9985547967814471
104,1.862404227,1.506220257,1.303682959,-0.9985362516340603,1.0,-0.9985362516612261
105,1.867423226,1.497571048,1.307196258,-0.9985161557831166,1.0,-0.9985161557016986
106,1.872355482,1.488872082,1.310648838,-0.9984944336417213,1.0,-0.9984944337707515
107,1.877200504,1.480124229,1.314040353,-0.9984710023188231,0.9999999999999999,-0.9984710024496293
108,1.881957807,1.471328364,1.317370465,-0.9984457702786103,0.9999999999999997,-0.9984457704698462
109,1.886626914,1.462485367,1.32063884,-0.9984186364425932,1.0,-0.9984186368216944
110,1.89120736,1.453596121,1.323845152,-0.998389490202239,1.0,-0.9983894905545748
111,1.895698686,1.444661517,1.32698908,-0.9983582094944485,0.9999999999999999,-0.9983582097570385
112,1.900100442,1.435682446,1.33007031,-0.998324659376495,1.0,-0.9983246597731152
113,1.904412189,1.426659808,1.333088533,-0.99828869194266,1.0,-0.998288692339387
114,1.908633496,1.417594504,1.336043447,-0.9982501438894954,1.0,-0.9982501440352558
115,1.91276394,1.408487441,1.338934758,-0.998208834664718,1.0,-0.9982088348108908
116,1.916803109,1.399339529,1.341762176,-0.9981645652943045,1.0,-0.9981645650516248
117,1.920750598,1.390151684,1.344525418,-0.9981171154165119,0.9999999999999997,-0.9981171148499701
118,1.924606012,1.380924824,1.347224209,-0.9980662408236133,1.0,-0.9980662403338266
119,1.928368967,1.371659872,1.349858277,-0.9980116708647705,0.9999999999999997,-0.9980116703404251
120,1.932039086,1.362357754,1.35242736,-0.9979531051537841,1.0,-0.9979531045977403
121,1.935616002,1.353019401,1.354931201,-0.9978902090677308,1.0,-0.9978902084932448
122,1.939099356,1.343645746,1.357369549,-0.9978226091111857,0.9999999999999997,-0.9978226086647507
123,1.942488802,1.334237727,1.359742161,-0.9977498886688845,1.0,-0.997749888318675
124,1.945783999,1.324796284,1.3620488,-0.9976715804618145,0.9999999999999998,-0.9976715805672736
125,1.948984619,1.315322362,1.364289234,-0.9975871602509733,0.9999999999999998,-0.9975871609087884
126,1.952090342,1.305816908,1.366463239,-0.9974960388844791,0.9999999999999996,-0.9974960391615488
127,1.955100856,1.296280873,1.368570599,-0.9973975504796142,0.9999999999999993,-0.9973975506526399
128,1.95801586,1.28671521,1.370611102,-0.9972909417422219,0.9999999999999996,-0.9972909419702042
129,1.960835064,1.277120875,1.372584545,-0.9971753588774808,0.9999999999999994,-0.9971753591972228
130,1.963558185,1.267498829,1.37449073,-0.9970498293137876,0.9999999999999996,-0.9970498299648586
131,1.966184952,1.257850033,1.376329466,-0.996913242655853,0.9999999999999993,-0.996913243222765
132,1.9687151,1.248175452,1.37810057,-0.9967643262087974,0.9999999999999993,-0.99676432647681
133,1.971148378,1.238476053,1.379803865,-0.9966016161968989,0.9999999999999993,-0.9966016161926264
134,1.973484542,1.228752808,1.381439179,-0.9964234223130992,0.9999999999999998,-0.9964234219535608
135,1.975723358,1.219006687,1.38300635,-0.9962277842043676,0.9999999999999991,-0.9962277832696458
136,1.977864602,1.209238666,1.384505222,-0.9960124184188701,0.9999999999999994,-0.9960124181366923
137,1.979908061,1.199449721,1.385935643,-0.9957746536713623,0.9999999999999994,-0.9957746540869166
138,1.98185353,1.189640831,1.387297471,-0.9955113482363667,0.9999999999999997,-0.9955113480772089
139,1.983700815,1.179812978,1.38859057,-0.9952187868285736,0.9999999999999992,-0.9952187859327855
140,1.98544973,1.169967143,1.389814811,-0.9948925504025837,0.9999999999999993,-0.9948925496213241
141,1.987100101,1.160104312,1.390970071,-0.9945273524592638,0.9999999999999993,-0.9945273524360787
142,1.988651763,1.15022547,1.392056234,-0.9941168270892846,0.9999999999999993,-0.9941168272735408
143,1.99010456,1.140331606,1.393073192,-0.9936532503902443,0.9999999999999991,-0.9936532513658974
144,1.991458348,1.130423709,1.394020844,-0.9931271853031504,0.9999999999999992,-0.9931271862666625
145,1.992712991,1.120502769,1.394899094,-0.9925269997561933,0.9999999999999996,-0.9925270000917792
146,1.993868363,1.11056978,1.395707854,-0.9918382300707625,0.9999999999999992,-0.991838230527192
147,1.99492435,1.100625733,1.396447045,-0.9910427191870629,0.9999999999999987,-0.9910427198766281
148,1.995880845,1.090671624,1.397116591,-0.9901174254292209,0.9999999999999991,-0.9901174251416099
149,1.996737752,1.080708448,1.397716426,-0.9890327653787034,0.9999999999999984,-0.9890327640086714
150,1.997494987,1.070737202,1.398246491,-0.9877502749288377,0.9999999999999987,-0.9877502728243719
151,1.998152472,1.060758881,1.398706731,-0.9862192186251334,0.9999999999999989,-0.9862192191594649
152,1.998710144,1.050774485,1.399097101,-0.9843716389254725,0.9999999999999984,-0.9843716400059863
153,1.999167945,1.040785011,1.399417562,-0.9821148791716985,0.9999999999999979,-0.9821148804056343
154,1.999525831,1.030791459,1.399668081,-0.9793201293982183,0.9999999999999973,-0.9793201280449144
155,1.999783764,1.020794828,1.399848635,-0.9758043121293755,0.9999999999999971,-0.9758043145053527
156,1.99994172,1.010796117,1.399959204,-0.9713006575440984,0.9999999999999969,-0.9713006576954034
157,1.999999683,1.000796327,1.399999778,-0.9654092272205212,0.9999999999999968,-0.9654092245539742
158,1.999957646,0.990796457,1.399970353,-0.957510663679548,0.9999999999999949,-0.9575106673550831
159,1.999815615,0.980797507,1.399870931,-0.9466095609506135,0.9999999999999933,-0.9466095732490583
160,1.999573603,0.970800478,1.399701522,-0.9310370402978818,0.999999999999992,-0.9310370511100957
161,1.999231634,0.960806368,1.399462144,-0.9078594588189778,0.9999999999999891,-0.907859470026232
162,1.998789743,0.950816178,1.39915282,-0.8716536350925216,0.9999999999999852,-0.8716536432757419
163,1.998247974,0.940830906,1.398773582,-0.8119271047858162,0.9999999999999787,-0.811927119401547
164,1.997606381,0.930851551,1.398324467,-0.7080678450984681,0.9999999999999704,-0.7080678704424196
165,1.996865028,0.920879111,1.39780552,-0.5233564852497095,0.9999999999999583,-0.5233565469064038
166,1.99602399,0.910914583,1.397216793,-0.21988611539530906,0.999999999999945,-0.21988619038325083
167,1.99508335,0.900958963,1.396558345,0.16132946825375014,0.999999999999944,0.16132937727335142
168,1.994043202,0.891013248,1.395830242,0.48344966922261545,0.9999999999999566,0.4834496226528686
169,1.992903651,0.881078431,1.395032556,0.6852449046548639,0.9999999999999745,0.6852449122997182
170,1.99166481,0.871155506,1.394165367,0.7990778506529511,0.999999999999982,0.7990778595068675
171,1.990326804,0.861245465,1.393228763,0.8640944832261482,0.9999999999999886,0.8640944740890623
172,1.988889766,0.8513493,1.392222836,0.9031578249458951,0.9999999999999909,0.9031578119298537
173,1.98735384,0.841467999,1.391147688,0.9279566194695728,0.9999999999999937,0.9279566004822898
174,1.985719179,0.831602552,1.390003425,0.9444987720008556,0.9999999999999966,0.9444987661694195
175,1.983985947,0.821753944,1.388790163,0.9560085926046223,0.9999999999999974,0.9560085891003753
176,1.982154317,0.811923161,1.387508022,0.9643058361400392,0.9999999999999981,0.964305836247311
177,1.980224473,0.802111185,1.386157131,0.9704680979708397,0.9999999999999984,0.9704681008919807
178,1.978196607,0.792318998,1.384737625,0.9751616064636094,0.9999999999999989,0.9751616065306788
179,1.976070922,0.782547579,1.383249645,0.9788141686332313,0.9999999999999992,0.9788141659738469
180,1.973847631,0.772797905,1.381693342,0.9817097626090219,0.9999999999999992,0.9817097628644945
181,1.971526956,0.763070951,1.380068869,0.9840424367515185,0.9999999999999994,0.9840424366900076
182,1.969109129,0.75336769,1.37837639,0.9859482090832759,0.9999999999999996,0.9859482097984366
183,1.966594392,0.743689092,1.376616074,0.9875245912121992,0.9999999999999992,0.987524591705344
184,1.963982996,0.734036124,1.374788097,0.9888428974559461,0.9999999999999999,0.9888428979765447
185,1.961275203,0.724409753,1.372892642,0.9899562200659351,0.9999999999999996,0.9899562204281914
186,1.958471283,0.714810941,1.370929898,0.9909047174842404,0.9999999999999996,0.9909047184789787
187,1.955571517,0.705240647,1.368900062,0.9917192086975125,0.9999999999999998,0.9917192104947467
188,1.952576194,0.695699829,1.366803336,0.9924236521064967,0.9999999999999998,0.9924236534271147
189,1.949485615,0.686189441,1.36463993,0.9930368944411457,0.9999999999999994,0.9930368947309073
190,1.946300088,0.676710433,1.362410061,0.9935739222643178,0.9999999999999994,0.993573922080741
191,1.943019931,0.667263754,1.360113952,0.9940467687539396,0.9999999999999997,0.99404676886083
192,1.939645474,0.657850349,1.357751832,0.9944651874125602,0.9999999999999997,0.9944651880057174
193,1.936177052,0.648471158,1.355323937,0.9948371462386622,0.9999999999999996,0.9948371472700015
194,1.932615014,0.63912712,1.35283051,0.9951692088788111,0.9999999999999993,0.9951692101343798
195,1.928959715,0.629819169,1.350271801,0.9954668177837318,0.9999999999999997,0.9954668190067683
196,1.925211521,0.620548235,1.347648065,0.9957345178670322,0.9999999999999996,0.9957345187583142
197,1.921370806,0.611315247,1.344959564,0.9959761258701388,0.9999999999999999,0.9959761262406053
198,1.917437955,0.602121126,1.342206569,0.9961948685003941,0.9999999999999999,0.9961948687179988
199,1.913413361,0.592966793,1.339389353,0.9963934864609375,0.9999999999999998,0.9963934867483304
200,1.909297427,0.583853163,1.336508199,0.9965743199927438,0.9999999999999999,0.996574319677542
201,1.905090563,0.574781148,1.333563394,0.9967393762736863,0.9999999999999997,0.9967393756476081
202,1.900793192,0.565751654,1.330555234,0.9968903863149411,0.9999999999999998,0.9968903854045813
203,1.896405741,0.556765584,1.327484019,0.997028846881302,0.9999999999999997,0.9970288462624237
204,1.891928651,0.547823838,1.324350056,0.9971560592073617,0.9999999999999998,0.9971560587580814
205,1.887362369,0.538927309,1.321153658,0.9972731578483983,0.9999999999999999,0.9972731572385254
206,1.882707351,0.530076886,1.317895146,0.9973811358530756,0.9999999999999998,0.9973811354391329
207,1.877964063,0.521273456,1.314574844,0.9974808647583588,1.0,0.9974808642433365
208,1.87313298,0.512517898,1.311193086,0.997573113149488,1.0,0.9975731125497725
209,1.868214583,0.503811087,1.307750208,0.9976585589866502,0.9999999999999998,0.9976585586553673
210,1.863209367,0.495153895,1.304246557,0.9977378038343555,1.0,0.9977378039847815
211,1.85811783,0.486547188,1.300682481,0.9978113816268633,0.9999999999999998,0.99781138182757
212,1.852940482,0.477991825,1.297058337,0.9978797678030353,0.9999999999999998,0.9978797679583871
213,1.84767784,0.469488662,1.293374488,0.9979433870454948,0.9999999999999998,0.9979433871435484
214,1.842330432,0.461038551,1.289631302,0.9980026190403518,0.9999999999999998,0.9980026190882038
215,1.836898791,0.452642335,1.285829154,0.9980578042520957,1.0,0.9980578043622587
216,1.831383461,0.444300854,1.281968423,0.9981092484064433,0.9999999999999998,0.9981092485801992
217,1.825784993,0.436014942,1.278049495,0.9981572269720436,1.0,0.9981572272418326
218,1.820103948,0.427785429,1.274072763,0.9982019877974202,1.0,0.9982019877717085
219,1.814340892,0.419613137,1.270038625,0.9982437545443703,1.0,0.9982437546474943
220,1.808496404,0.411498883,1.265947483,0.9982827298112664,0.9999999999999999,0.9982827299192433
221,1.802571066,0.403443478,1.261799746,0.998319096948358,0.9999999999999999,0.9983190970036124
222,1.796565472,0.395447729,1.257595831,0.9983530215548251,0.9999999999999997,0.998353021893862
223,1.790480222,0.387512434,1.253336156,0.9983846544611273,0.9999999999999999,0.9983846548139398
224,1.784315925,0.379638388,1.249021148,0.9984141321826014,0.9999999999999999,0.9984141324569251
225,1.778073197,0.371826377,1.244651238,0.9984415787580592,1.0,0.9984415790088749
226,1.771752662,0.364077183,1.240226863,0.9984671067370572,1.0,0.9984671066864337
227,1.765354953,0.356391581,1.235748467,0.9984908186820293,1.0,0.9984908185533966
228,1.758880708,0.348770339,1.231216496,0.9985128072223537,0.9999999999999997,0.9985128071205835
229,1.752330576,0.34121422,1.226631403,0.9985331569467778,0.9999999999999997,0.9985331567531706
230,1.745705212,0.333723979,1.221993649,0.9985519442108585,0.9999999999999999,0.9985519440694648
231,1.739005278,0.326300364,1.217303695,0.9985692386844353,1.0,0.998569238543155
232,1.732231444,0.318944119,1.212562011,0.9985851028307133,1.0,0.9985851027513369
233,1.725384387,0.31165598,1.207769071,0.998599593087303,1.0,0.9985995929693555
234,1.718464793,0.304436674,1.202925355,0.9986127605665275,0.9999999999999999,0.9986127604966417
235,1.711473353,0.297286923,1.198031347,0.9986246509077717,0.9999999999999999,0.9986246507501428
236,1.704410766,0.290207444,1.193087536,0.9986353044206986,0.9999999999999999,0.998635304164377
237,1.697277738,0.283198943,1.188094417,0.9986447570662187,0.9999999999999998,0.9986447569402387
238,1.690074984,0.276262121,1.183052488,0.9986530406079761,1.0,0.9986530405167349
239,1.682803222,0.269397673,1.177962255,0.998660182363093,1.0,0.9986601821782746
240,1.675463181,0.262606284,1.172824226,0.9986662057004789,0.9999999999999999,0.9986662054689536
241,1.668055593,0.255888635,1.167638915,0.998671129950465,1.0,0.9986711299151372
242,1.660581201,0.249245395,1.162406841,0.9986749714640075,1.0,0.9986749715165986
243,1.653040752,0.242677231,1.157128526,0.9986777424181448,1.0,0.998677742382766
244,1.645434998,0.236184798,1.151804499,0.9986794516303086,0.9999999999999999,0.9986794516542238
245,1.637764702,0.229768746,1.146435291,0.9986801046076981,0.9999999999999998,0.9986801045911664
246,1.63003063,0.223429716,1.141021441,0.9986797035354605,1.0,0.9986797036756342
247,1.622233555,0.217168343,1.135563489,0.9986782469119395,0.9999999999999999,0.9986782472388569
248,1.614374258,0.210985253,1.13006198,0.9986757302525777,0.9999999999999999,0.9986757304416694
249,1.606453523,0.204881063,1.124517466,0.9986721455165936,1.0,0.9986721457948824
250,1.598472144,0.198856384,1.118930501,0.9986674812761357,1.0,0.9986674815204954
251,1.590430918,0.19291182,1.113301643,0.9986617220806586,0.9999999999999999,0.9986617223149169
252,1.58233065,0.187047963,1.107631455,0.998654849552766,0.9999999999999999,0.99865484970392
253,1.574172148,0.181265401,1.101920504,0.9986468411888364,0.9999999999999998,0.9986468413236692
254,1.56595623,0.175564711,1.096169361,0.9986376705945127,0.9999999999999998,0.9986376706584018
255,1.557683717,0.169946465,1.090378602,0.998627306942565,0.9999999999999998,0.9986273069509662
256,1.549355436,0.164411223,1.084548805,0.9986157156911103,1.0,0.9986157156135631
257,1.54097222,0.158959539,1.078680554,0.9986028573975856,1.0,0.9986028571512602
258,1.532534908,0.153591959,1.072774435,0.9985886874278659,1.0,0.9985886871517345
259,1.524044342,0.148309019,1.066831039,0.9985731563745378,0.9999999999999996,0.9985731560841319
260,1.515501372,0.143111247,1.06085096,0.9985562089478224,1.0,0.9985562087463387
261,1.506906852,0.137999163,1.054834797,0.9985377843576967,1.0,0.9985377843270847
262,1.498261642,0.132973279,1.04878315,0.9985178144673331,1.0,0.998517814491571
263,1.489566607,0.128034096,1.042696625,0.9984962248873019,1.0,0.9984962249908822
264,1.480822615,0.12318211,1.03657583,0.9984729329429964,0.9999999999999998,0.998472932877992
265,1.472030541,0.118417804,1.030421379,0.9984478478984075,1.0,0.9984478479681276
266,1.463191265,0.113741656,1.024233885,0.9984208695921689,1.0,0.9984208695917949
267,1.45430567,0.109154133,1.018013969,0.9983918880557422,0.9999999999999998,0.9983918879818491
268,1.445374645,0.104655694,1.011762251,0.9983607820602901,1.0,0.9983607820429867
269,1.436399082,0.100246789,1.005479358,0.9983274179505028,0.9999999999999998,0.9983274181144721
270,1.42737988,0.095927858,0.999165916,0.9982916486987145,1.0,0.9982916488561419
271,1.418317941,0.091699334,0.992822558,0.998253312454315,0.9999999999999998,0.9982533124366847
272,1.40921417,0.087561639,0.986449919,0.9982122299992969,0.9999999999999998,0.9982122300180677
273,1.400069478,0.083515187,0.980048634,0.9981682040536417,0.9999999999999998,0.9981682039151181
274,1.390884779,0.079560382,0.973619345,0.9981210159185396,1.0,0.9981210157595877
275,1.381660992,0.075697621,0.967162694,0.9980704236525797,1.0,0.9980704234368617
276,1.372399039,0.07192729,0.960679328,0.9980161585964709,1.0,0.9980161585762533
277,1.363099847,0.068249765,0.954169893,0.9979579227666333,1.0,0.9979579227561666
278,1.353764345,0.064665414,0.947635042,0.9978953844486962,0.9999999999999998,0.9978953846397131
279,1.344393467,0.061174596,0.941075427,0.9978281737765543,1.0,0.9978281740584812
280,1.33498815,0.057777659,0.934491705,0.9977558775988032,1.0,0.9977558779731766
281,1.325549335,0.054474944,0.927884534,0.99767803303419,0.9999999999999998,0.9976780331979143
282,1.316077964,0.051266781,0.921254575,0.9975941206619934,0.9999999999999998,0.9975941207221332
283,1.306574986,0.04815349,0.91460249,0.9975035560722856,0.9999999999999997,0.9975035560177272
284,1.297041351,0.045135384,0.907928946,0.9974056803513087,0.9999999999999998,0.9974056804181826
285,1.287478012,0.042212762,0.901234609,0.9972997483448023,1.0,0.9972997483947869
286,1.277885926,0.039385919,0.894520148,0.9971849140882169,1.0,0.9971849141129631
287,1.268266051,0.036655137,0.887786236,0.997060215016225,0.9999999999999998,0.9970602150247699
288,1.25861935,0.034020688,0.881033545,0.9969245528382807,1.0,0.9969245528853773
289,1.248946787,0.031482836,0.874262751,0.9967766691582451,1.0,0.9967766690006845
290,1.239249329,0.029041835,0.86747453,0.9966151161573137,1.0,0.9966151158224638
291,1.229527947,0.026697929,0.860669563,0.9964382232179337,1.0,0.9964382230041242
292,1.219783612,0.024451352,0.853848529,0.9962440535652484,0.9999999999999998,0.9962440534287428
293,1.210017299,0.02230233,0.847012109,0.9960303515385917,1.0,0.9960303514274412
294,1.200229985,0.020251076,0.840160989,0.9957944794095036,1.0,0.9957944792697152
295,1.190422647,0.018297797,0.833295853,0.9955333354363711,0.9999999999999998,0.9955333355136863
296,1.180596268,0.016442687,0.826417388,0.9952432551961177,1.0,0.9952432552541581
297,1.170751829,0.014685932,0.81952628,0.9949198814436054,1.0,0.9949198814270503
298,1.160890315,0.013027707,0.81262322,0.9945580043103166,0.9999999999999998,0.9945580040508117
299,1.151012712,0.011468179,0.805708898,0.9941513518007528,1.0,0.99415135145222
300,0.010007503,0.010007503,0.798784006,0.5012029637488943,0.5491489512712256,0.993692320743326
301,0.008645826,0.008645826,0.791849235,0.5674076575861726,0.6288060717593852,0.9931716251969287
302,0.007383283,0.007383283,0.784905279,0.6302483468522483,0.6974815591845759,0.9925778296278854
303,0.006220001,0.006220001,0.777952832,0.6845962219624163,0.7528175870114341,0.9918967245193058
304,0.005156097,0.005156097,0.77099259,0.7310802730548134,0.796554220238243,0.9911104842564141
305,0.004191675,0.004191675,0.76402525,0.7706231351094031,0.8301867348845,0.9901965095550136
306,0.003326834,0.003326834,0.757051506,0.8039367268220059,0.8547596944884249,0.989125813733555
307,0.00256166,0.00256166,0.750072058,0.8314971605539468,0.8709568576577161,0.9878607455649177
308,0.001896228,0.001896228,0.743087602,0.8535696890862792,0.8791825537994904,0.986351708549365
309,0.001330606,0.001330606,0.736098838,0.8702219943585917,0.8796102176448417,0.984532344034127
310,0.00086485,0.00086485,0.729106464,0.8813141775183002,0.8722020590079528,0.9823123199055843
311,0.000499006,0.000499006,0.722111179,0.8864578719303835,0.8567024248658577,0.979566258105225
312,0.000233112,0.000233112,0.715113683,0.8849296097947013,0.8326012439140386,0.9761162900641835
313,6.71941e-05,6.71941e-05,0.708114676,0.8755063773182813,0.7990539939459185,0.9717037815568671
314,1.26827e-06,1.26827e-06,0.701114857,0.8561529319465626,0.7547246454014418,0.9659419190375167
315,3.53415e-05,3.53415e-05,0.694114927,0.8233948995881509,0.6974685752270405,0.9582333269225234
316,0.00016941,0.00016941,0.687115585,0.770933114296979,0.6236239651759015,0.9476209239995591
317,0.000403462,0.000403462,0.680117532,0.6860342935157107,0.5261116351272316,0.9325057793583867
318,0.000737471,0.000737471,0.673121467,0.5366189848351481,0.38727426614702204,0.9100882684812445
319,0.001171407,0.001171407,0.66612809,1.0,0.8752135555416402,0.8752135555416402
320,0.001705224,0.001705224,0.6591381,0.9999999999999999,0.817938740373577,0.817938740373577
321,0.00233887,0.00233887,0.652152196,0.9999999999999998,0.7187083325497834,0.7187083325497834
322,0.003072282,0.003072282,0.645171077,1.0,0.5421128019446627,0.5421128019446627
323,0.003905385,0.003905385,0.63819544,0.9999999999999999,0.24833696784408227,0.24833696784408227
324,0.004838097,0.004838097,0.631225984,1.0,-0.13135597840123317,-0.13135597840123317
325,0.005870324,0.005870324,0.624263406,1.0,-0.46227603289214014,-0.46227603289214014
326,0.007001963,0.007001963,0.617308401,0.9999999999999998,-0.6730139955077663,-0.6730139955077663
327,0.008232902,0.008232902,0.610361665,1.0,-0.792210992856426,-0.792210992856426
328,0.009563016,0.009563016,0.603423893,0.9999999999999999,-0.8600803320250684,-0.8600803320250684
329,0.010992173,0.010992173,0.596495778,0.9999999999999999,-0.9006774229283946,-0.9006774229283946
330,0.01252023,0.01252023,0.589578014,1.0,-0.9263409281039565,-0.9263409281039565
331,0.014147034,0.014147034,0.582671292,1.0,-0.9433971147571256,-0.9433971147571256
332,0.015872423,0.015872423,0.575776303,1.0,-0.955227881143732,-0.955227881143732
333,0.017696224,0.017696224,0.568893736,0.9999999999999999,-0.96373434318789,-0.96373434318789
334,0.019618254,0.019618254,0.562024279,0.9999999999999999,-0.9700381567112671,-0.9700381567112671
335,0.021638321,0.021638321,0.55516862,0.9999999999999999,-0.9748305464637266,-0.9748305464637266
336,0.023756224,0.023756224,0.548327444,1.0,-0.9785541154235289,-0.9785541154235289
337,0.025971751,0.025971751,0.541501435,1.0,-0.9815019373650323,-0.9815019373650323
338,0.028284679,0.028284679,0.534691276,0.9999999999999998,-0.9838738348569505,-0.9838738348569505
339,0.030694778,0.030694778,0.527897647,1.0,-0.9858096142558668,-0.9858096142558668
340,0.033201807,0.033201807,0.521121229,1.0,-0.9874093263828618,-0.9874093263828618
341,0.035805515,0.035805515,0.514362698,1.0,-0.9887460365153197,-0.9887460365153197
342,0.038505642,0.038505642,0.507622731,1.0,-0.9898740662924943,-0.9898740662924943
343,0.041301917,0.041301917,0.500902001,0.9999999999999999,-0.9908344551963687,-0.9908344551963687
344,0.044194061,0.044194061,0.494201181,0.9999999999999999,-0.991658662728713,-0.991658662728713
345,0.047181785,0.047181785,0.487520941,1.0,-0.9923711207644706,-0.9923711207644706
346,0.05026479,0.05026479,0.480861949,1.0,-0.99299103138899,-0.99299103138899
347,0.053442768,0.053442768,0.47422487,1.0,-0.9935336523966234,-0.9935336523966234
348,0.056715401,0.056715401,0.467610368,0.9999999999999999,-0.9940112255671247,-0.9940112255671247
349,0.060082361,0.060082361,0.461019105,1.0,-0.9944336651644257,-0.9944336651644257
350,0.063543313,0.063543313,0.454451741,0.9999999999999999,-0.9948090663415169,-0.9948090663415169
351,0.067097909,0.067097909,0.44790893,1.0,-0.9951440930745284,-0.9951440930745284
352,0.070745795,0.070745795,0.441391329,0.9999999999999998,-0.9954442682941792,-0.9954442682941792
353,0.074486605,0.074486605,0.434899588,1.0,-0.9957142016748279,-0.9957142016748279
354,0.078319966,0.078319966,0.428434357,1.0,-0.9959577626283739,-0.9959577626283739
355,0.082245494,0.082245494,0.421996283,1.0,-0.9961782198901102,-0.9961782198901102
356,0.086262797,0.086262797,0.415586008,0.9999999999999998,-0.9963783499249046,-0.9963783499249046
357,0.090371473,0.090371473,0.409204175,1.0,-0.9965605221509718,-0.9965605221509718
358,0.094571111,0.094571111,0.402851421,0.9999999999999998,-0.9967267683149303,-0.9967267683149303
359,0.098861291,0.098861291,0.396528382,0.9999999999999998,-0.9968788389012242,-0.9968788389012242
360,0.103241584,0.103241584,0.39023569,1.0,-0.9970182487607695,-0.9970182487607695
361,0.107711552,0.107711552,0.383973973,0.9999999999999999,-0.9971463134236178,-0.9971463134236178
362,0.112270748,0.112270748,0.37774386,1.0,-0.9972641796233035,-0.9972641796233035
363,0.116918717,0.116918717,0.371545971,1.0,-0.9973728504298509,-0.9973728504298509
364,0.121654993,0.121654993,0.365380928,1.0,-0.9974732067544435,-0.9974732067544435
365,0.126479102,0.126479102,0.359249346,1.0,-0.9975660248311802,-0.9975660248311802
366,0.131390563,0.131390563,0.353151839,1.0,-0.9976519896077802,-0.9976519896077802
367,0.136388885,0.136388885,0.347089017,1.0,-0.997731707709987,-0.997731707709987
368,0.141473566,0.141473566,0.341061485,1.0,-0.9978057187220736,-0.9978057187220736
369,0.1466441,0.1466441,0.335069847,1.0,-0.9978745019595275,-0.9978745019595275
370,0.151899968,0.151899968,0.329114701,1.0,-0.9979384866885376,-0.9979384866885376
371,0.157240646,0.157240646,0.323196644,1.0,-0.9979980550932956,-0.9979980550932956
372,0.162665599,0.162665599,0.317316267,1.0,-0.9980535510466034,-0.9980535510466034
373,0.168174285,0.168174285,0.311474158,1.0,-0.9981052826206803,-0.9981052826206803
374,0.173766152,0.173766152,0.305670901,1.0,-0.9981535276751853,-0.9981535276751853
375,0.179440643,0.179440643,0.299907077,1.0,-0.998198535968643,-0.998198535968643
376,0.185197188,0.185197188,0.294183262,1.0,-0.9982405333816436,-0.9982405333816436
377,0.191035213,0.191035213,0.288500028,1.0,-0.9982797240480266,-0.9982797240480266
378,0.196954134,0.196954134,0.282857943,1.0,-0.9983162925843561,-0.9983162925843561
379,0.202953359,0.202953359,0.277257573,0.9999999999999999,-0.9983504060815224,-0.9983504060815224
380,0.209032288,0.209032288,0.271699476,0.9999999999999998,-0.9983822164148268,-0.9983822164148268
381,0.215190313,0.215190313,0.266184209,1.0,-0.9984118609394148,-0.9984118609394148
382,0.221426818,0.221426818,0.260712324,1.0,-0.9984394648414453,-0.9984394648414453
383,0.22774118,0.22774118,0.255284367,1.0,-0.9984651416151108,-0.9984651416151108
384,0.234132768,0.234132768,0.249900881,1.0,-0.9984889944126102,-0.9984889944126102
385,0.240600941,0.240600941,0.244562404,1.0,-0.9985111169317753,-0.9985111169317753
386,0.247145053,0.247145053,0.239269471,1.0,-0.9985315942395149,-0.9985315942395149
387,0.253764451,0.253764451,0.23402261,0.9999999999999998,-0.9985505036447421,-0.9985505036447421
388,0.260458471,0.260458471,0.228822347,1.0,-0.9985679146673251,-0.9985679146673251
389,0.267226445,0.267226445,0.223669202,1.0,-0.9985838905898855,-0.9985838905898855
390,0.274067696,0.274067696,0.218563689,1.0,-0.9985984882574027,-0.9985984882574027
391,0.305009027,0.280981539,0.213506319,0.9920561129601204,-0.9875900582021316,-0.9986117593574863
392,0.297853711,0.287967284,0.208497598,0.9922932437391959,-0.9876636356726805,-0.9986237496922412
393,0.29076861,0.295024231,0.203538027,0.990655289710632,-0.9878174692254835,-0.9986345003674901
394,0.283754431,0.302151675,0.198628102,0.9821763576993893,-0.9826281388871435,-0.9986440474355041
395,0.276811876,0.309348903,0.193768313,0.9629730590277205,-0.9679582938770528,-0.9986524232393001
396,0.269941639,0.316615196,0.188959147,0.9287163392100996,-0.9393182902097204,-0.9986596551609415
397,0.263144408,0.323949827,0.184201085,0.8736807455831814,-0.8908458378724574,-0.9986657668330844
398,0.256420861,0.331352063,0.179494603,0.7900255494147214,-0.8145061623767523,-0.9986707778856658
399,0.249771672,0.338821162,0.17484017,0.6677303698796695,-0.6998980722862588,-0.9986747051582536
400,0.243197505,0.346356379,0.170238253,0.4966969827243581,-0.536166562216546,-0.9986775609118389
401,0.236699017,0.35395696,0.165689312,0.27343392110176323,-0.31854950286068473,-0.9986793542628759
402,0.230276859,0.361622144,0.161193801,0.011523476112501872,-0.05910345297667841,-0.9986800912865273
403,0.223931673,0.369351166,0.156752171,-0.2554488479032231,0.2094853616883684,-0.9986797740514647
404,0.217664093,0.377143252,0.152364865,-0.4901889960139093,0.4494466347823187,-0.9986784017802448
405,0.211474746,0.384997623,0.148032322,-0.6725804690338195,0.6392122106940638,-0.9986759698517523
406,0.20536425,0.392913494,0.143754975,-0.8026021135939693,0.7773242199480606,-0.9986724705539193
407,0.199333218,0.400890074,0.139533252,-0.8901540685713223,0.8727549233554586,-0.9986678925452389
408,0.193382251,0.408926563,0.135367576,-0.9463850032671587,0.9361804383701559,-0.9986622210768247
409,0.187511946,0.41702216,0.131258362,-0.9803392581862096,0.9764257220974455,-0.9986554379741404
410,0.181722889,0.425176053,0.127206022,-0.998647521236036,1.0,-0.9986475210800431
411,0.176015659,0.433387429,0.123210961,-0.9986384441286136,0.9999999999999999,-0.998638444001961
412,0.170390826,0.441655466,0.119273578,-0.9986281767891949,1.0,-0.9986281767298042
413,0.164848954,0.449979336,0.115394268,-0.9986166847595491,1.0,-0.998616684638041
414,0.159390596,0.458358208,0.111573418,-0.9986039288791518,0.9999999999999998,-0.9986039286848234
415,0.154016299,0.466791244,0.107811409,-0.9985898650088226,1.0,-0.9985898649353386
416,0.148726599,0.4752776,0.104108619,-0.9985744442050168,0.9999999999999999,-0.998574444212012
417,0.143522026,0.483816428,0.100465418,-0.9985576118301102,0.9999999999999999,-0.9985576117887963
418,0.1384031,0.492406874,0.09688217,-0.9985393071453624,0.9999999999999999,-0.9985393072251326
419,0.133370333,0.501048079,0.093359233,-0.9985194629441843,0.9999999999999996,-0.9985194630104615
420,0.128424228,0.509739179,0.089896959,-0.9984980051375347,1.0,-0.9984980052562753
421,0.12356528,0.518479304,0.086495696,-0.998474851882586,0.9999999999999996,-0.9984748520254976
422,0.118793974,0.527267581,0.083155782,-0.9984499130972405,0.9999999999999999,-0.9984499131194695
423,0.114110789,0.536103131,0.079877552,-0.9984230894415005,1.0,-0.9984230895371862
424,0.109516191,0.54498507,0.076661334,-0.9983942718555773,1.0,-0.9983942718566213
425,0.105010642,0.55391251,0.073507449,-0.9983633397669923,0.9999999999999996,-0.9983633398558622
426,0.10059459,0.562884559,0.070416213,-0.9983301607353947,1.0,-0.9983301608394163
427,0.096268479,0.571900318,0.067387935,-0.9982945890635669,1.0,-0.9982945890736097
428,0.092032739,0.580958888,0.064422918,-0.9982564635968121,0.9999999999999999,-0.9982564634759428
429,0.087887796,0.590059361,0.061521457,-0.9982156070323717,0.9999999999999998,-0.998215606967343
430,0.083834063,0.599200828,0.058683844,-0.998171823217865,0.9999999999999997,-0.9981718231147085
431,0.079871946,0.608382374,0.055910362,-0.9981248955469105,0.9999999999999998,-0.9981248954044025
432,0.076001841,0.617603082,0.053201289,-0.9980745837668054,1.0,-0.9980745834156218
433,0.072224135,0.62686203,0.050556895,-0.998020621678257,0.9999999999999997,-0.9980206212241671
434,0.068539206,0.63615829,0.047977444,-0.9979627137250775,1.0,-0.9979627137553254
435,0.064947422,0.645490935,0.045463196,-0.9979005311303798,0.9999999999999998,-0.997900530974472
436,0.061449143,0.65485903,0.0430144,-0.9978337069106225,0.9999999999999998,-0.9978337068627147
437,0.058044718,0.664261639,0.040631303,-0.9977618316441377,0.9999999999999998,-0.9977618315140554
438,0.054734488,0.673697822,0.038314141,-0.9976844466563852,1.0,-0.9976844469693646
439,0.051518783,0.683166634,0.036063148,-0.9976010378523029,0.9999999999999996,-0.9976010382940618
440,0.048397926,0.69266713,0.033878548,-0.9975110261011382,1.0,-0.997511026425103
441,0.045372228,0.702198359,0.03176056,-0.997413758855651,0.9999999999999996,-0.9974137589886358
442,0.042441993,0.711759367,0.029709395,-0.9973084975709817,0.9999999999999998,-0.9973084979116008
443,0.039607512,0.7213492,0.027725258,-0.9971944057927049,1.0,-0.997194406211102
444,0.036869069,0.730966897,0.025808349,-0.9970705309781811,0.9999999999999997,-0.9970705311557423
445,0.034226939,0.740611497,0.023958858,-0.9969357863044258,0.9999999999999996,-0.9969357859117888
446,0.031681386,0.750282036,0.02217697,-0.9967889261532289,0.9999999999999993,-0.9967889259779302
447,0.029232663,0.759977547,0.020462864,-0.9966285200934003,1.0,-0.9966285197963771
448,0.026881017,0.769697059,0.018816712,-0.9964529157338311,0.9999999999999994,-0.9964529158395505
449,0.024626681,0.779439602,0.017238677,-0.996260199876187,0.9999999999999996,-0.9962601996889556
450,0.022469882,0.789204201,0.015728918,-0.9960481444641376,0.9999999999999994,-0.9960481437998886
451,0.020410836,0.798989879,0.014287585,-0.9958141442953435,0.9999999999999994,-0.9958141437046888
452,0.018449747,0.808795657,0.012914823,-0.9955551392818741,0.9999999999999994,-0.9955551388469062
453,0.016586812,0.818620556,0.011610769,-0.9952675133023055,0.9999999999999992,-0.9952675128560481
454,0.014822218,0.828463593,0.010375553,-0.9949469694704999,0.9999999999999996,-0.9949469686824893
455,0.013156141,0.838323784,0.009209299,-0.9945883723239748,0.9999999999999993,-0.9945883721950515
456,0.011588748,0.848200142,0.008112124,-0.9941855436569201,0.9999999999999994,-0.9941855434904997
457,0.010120195,0.858091679,0.007084136,-0.9937309987370718,0.9999999999999993,-0.9937310003299095
458,0.008750629,0.867997408,0.00612544,-0.9932156009967923,0.9999999999999992,-0.9932156027205268
459,0.007480187,0.877916336,0.005236131,-0.992628105575565,0.9999999999999989,-0.9926281071711351
460,0.006308996,0.887847473,0.004416297,-0.9919545526747301,0.9999999999999992,-0.9919545542825192
461,0.005237174,0.897789825,0.003666022,-0.9911774409387524,0.9999999999999991,-0.9911774426595679
462,0.004264827,0.907742398,0.002985379,-0.9902746041874165,0.9999999999999988,-0.9902746053667746
463,0.003392053,0.917704197,0.002374437,-0.9892176368309153,0.9999999999999989,-0.9892176368993454
464,0.002618938,0.927674225,0.001833257,-0.9879696825998416,0.9999999999999988,-0.9879696823730678
465,0.001945561,0.937651485,0.001361893,-0.9864822465931696,0.9999999999999988,-0.9864822469398581
466,0.001371989,0.947634981,0.000960392,-0.9846905312002541,0.9999999999999988,-0.9846905319158951
467,0.000898278,0.957623713,0.000628795,-0.9825064560608981,0.9999999999999988,-0.9825064543262203
468,0.000524477,0.967616682,0.000367134,-0.9798079666882425,0.9999999999999986,-0.9798079639313022
469,0.000250623,0.97761289,0.000175436,-0.9764222286068946,0.9999999999999981,-0.9764222263850508
470,7.67424e-05,0.987611337,5.37197e-05,-0.9720984520540322,0.9999999999999977,-0.972098451476544
471,2.85361e-06,0.997611022,1.99753e-06,-0.9664624494144728,0.9999999999999983,-0.9664624468370665
472,2.89637e-05,1.007610946,2.02746e-05,-0.9589378981150188,0.9999999999999973,-0.9589378941642682
473,0.00015507,1.017610109,0.000108549,-0.9486043200240147,0.9999999999999973,-0.9486043186485792
474,0.00038116,1.027607511,0.000266812,-0.9339293625731092,0.9999999999999963,-0.9339293643162249
475,0.000707211,1.037602153,0.000495048,-0.9122404002187882,0.9999999999999951,-0.9122404006244891
476,0.001133191,1.047593034,0.000793233,-0.8786361987018896,0.9999999999999926,-0.8786362273460399
477,0.001659056,1.057579156,0.001161339,-0.8236931602020535,0.9999999999999899,-0.8236931977994402
478,0.002284754,1.06755952,0.001599328,-0.7288658702186053,0.999999999999986,-0.7288659008354768
479,0.003010224,1.077533128,0.002107157,-0.5600914965962651,0.999999999999979,-0.5600915201506355
480,0.003835391,1.087498983,0.002684774,-0.27615882429315247,0.9999999999999741,-0.27615883995861396
481,0.004760174,1.097456089,0.003332122,0.10101761091684829,0.9999999999999718,0.1010175935484537
482,0.00578448,1.107403448,0.004049136,0.4402802400843515,0.9999999999999766,0.44028020995402134
483,0.006908207,1.117340068,0.004835745,0.6602040625628772,0.9999999999999839,0.6602040203685205
484,0.008131243,1.127264953,0.00569187,0.7850286783261611,0.9999999999999891,0.7850286652596808
485,0.009453464,1.137177112,0.006617425,0.8558992480784375,0.999999999999993,0.8558992470342542
486,0.010874739,1.147075554,0.007612317,0.898105281043793,0.999999999999995,0.8981052752121564
487,0.012394926,1.156959288,0.008676448,0.9246720869061981,0.9999999999999966,0.9246720912627173
488,0.014013873,1.166827326,0.009809711,0.9422630351044157,0.9999999999999976,0.9422630405223703
489,0.015731417,1.176678681,0.011011992,0.9544264692384776,0.9999999999999974,0.9544264715226068
490,0.017547387,1.186512369,0.012283171,0.9631490933818191,0.9999999999999984,0.9631490947548258
491,0.019461602,1.196327406,0.013623122,0.9695987510748375,0.9999999999999984,0.969598749712076
492,0.02147387,1.206122811,0.015031709,0.9744927783585773,0.9999999999999986,0.9744927780181413
493,0.02358399,1.215897603,0.016508793,0.9782891856882665,0.9999999999999987,0.9782891859645817
494,0.02579175,1.225650805,0.018054225,0.9812904847505627,0.9999999999999988,0.9812904854089328
495,0.028096931,1.235381443,0.019667851,0.9837024840588151,0.9999999999999987,0.9837024880017758
496,0.030499301,1.245088543,0.02134951,0.9856688981397882,0.9999999999999992,0.9856689004230413
497,0.03299862,1.254771134,0.023099034,0.9872924014524685,0.9999999999999991,0.9872924017117686
498,0.035594638,1.264428248,0.024916247,0.9886478586501528,0.9999999999999989,0.988647857667598
499,0.038287097,1.27405892,0.026800968,0.9897908548234973,0.9999999999999991,0.9897908536896135
500,0.041075725,1.283662185,0.028753008,0.9907633334167003,0.9999999999999991,0.9907633319894816
501,0.043960246,1.293237085,0.030772172,0.9915974095526587,0.9999999999999993,0.9915974090064411
502,0.046940369,1.302782662,0.032858259,0.9923180029616007,0.999999999999999,0.9923180016465222
503,0.050015798,1.31229796,0.035011059,0.9929446787995849,0.9999999999999994,0.9929446776423204
504,0.053186224,1.321782029,0.037230357,0.9934929716712849,0.9999999999999992,0.9934929706874496
505,0.056451331,1.33123392,0.039515932,0.9939753346238152,0.9999999999999991,0.9939753341537261
506,0.059810792,1.340652688,0.041867555,0.9944018464863119,0.9999999999999994,0.9944018455920716
507,0.063264272,1.350037391,0.04428499,0.9947807323601261,0.999999999999999,0.9947807321103085
508,0.066811424,1.35938709,0.046767996,0.9951187584717469,0.9999999999999992,0.9951187589922995
509,0.070451894,1.368700851,0.049316326,0.9954215293206681,0.9999999999999991,0.9954215297158321
510,0.074185318,1.377977743,0.051929722,0.9956937197157615,0.9999999999999992,0.9956937206085203
511,0.078011322,1.387216837,0.054607926,0.9959392538363876,0.9999999999999994,0.9959392547451997
512,0.081929525,1.396417209,0.057350668,0.9961614433342262,0.9999999999999996,0.9961614440074877
513,0.085939534,1.40557794,0.060157674,0.9963631005445728,0.9999999999999993,0.9963631012695967
514,0.090040949,1.414698114,0.063028664,0.9965466239077655,0.9999999999999993,0.9965466249745297
515,0.094233359,1.423776818,0.065963351,0.9967140705951503,0.9999999999999996,0.9967140713214336
516,0.098516344,1.432813144,0.068961441,0.9968672118823947,0.9999999999999997,0.9968672118294813
517,0.102889477,1.44180619,0.072022634,0.9970075794587687,0.9999999999999996,0.9970075791283587
518,0.107352321,1.450755056,0.075146624,0.9971365030455703,0.9999999999999998,0.9971365030904709
519,0.111904428,1.459658846,0.0783331,0.9972551426654086,0.9999999999999998,0.9972551422953841
520,0.116545344,1.468516671,0.081581741,0.9973645119142898,0.9999999999999996,0.9973645115572095
521,0.121274605,1.477327645,0.084892224,0.9974655010744734,0.9999999999999991,0.9974655002675975
522,0.126091738,1.486090886,0.088264217,0.9975588930235597,0.9999999999999996,0.9975588923797704
523,0.130996261,1.494805519,0.091697383,0.997645380282002,0.9999999999999998,0.9976453797881993
524,0.135987684,1.503470671,0.095191378,0.9977255751117933,0.9999999999999996,0.9977255751219268
525,0.141065507,1.512085477,0.098745855,0.997800022020602,0.9999999999999998,0.9978000221503552
526,0.146229222,1.520649075,0.102360456,0.9978692054795155,0.9999999999999998,0.9978692057447877
527,0.151478315,1.529160608,0.10603482,0.99793355742989,0.9999999999999994,0.9979335578404007
528,0.156812258,1.537619226,0.109768581,0.9979934647540575,1.0,0.9979934647228373
529,0.16223052,1.546024082,0.113561364,0.9980492734305385,0.9999999999999998,0.9980492734932321
530,0.167732558,1.554374336,0.11741279,0.9981012944501036,0.9999999999999998,0.9981012944408189
531,0.173317822,1.562669153,0.121322475,0.9981498074831976,0.9999999999999998,0.998149807712219
532,0.178985753,1.570907704,0.125290027,0.9981950651304446,0.9999999999999993,0.9981950654773981
533,0.184735786,1.579089165,0.12931505,0.9982372945682639,0.9999999999999997,0.9982372949784086
534,0.190567344,1.587212717,0.13339714,0.9982767016791224,0.9999999999999999,0.998276702123519
535,0.196479844,1.595277548,0.137535891,0.9983134726948191,0.9999999999999999,0.9983134728227452
536,0.202472696,1.603282852,0.141730887,0.9983477759778235,0.9999999999999997,0.9983477760843755
537,0.2085453,1.611227828,0.14598171,0.9983797643512369,0.9999999999999999,0.9983797643633139
538,0.214697049,1.619111682,0.150287934,0.9984095766643717,1.0,0.9984095764023525
539,0.220927327,1.626933625,0.154649129,0.9984373388482901,0.9999999999999997,0.9984373385228577
540,0.227235512,1.634692876,0.159064859,0.998463165286746,0.9999999999999997,0.9984631647715128
541,0.233620973,1.642388658,0.163534681,0.9984871598306674,0.9999999999999999,0.9984871594565399
542,0.240083071,1.650020201,0.16805815,0.9985094169608633,1.0,0.9985094166450441
543,0.246621161,1.657586743,0.172634812,0.9985300221935364,0.9999999999999999,0.9985300221825049
544,0.253234587,1.665087527,0.177264211,0.9985490537020714,0.9999999999999994,0.9985490534734928
545,0.25992269,1.672521802,0.181945883,0.9985665814783224,0.9999999999999999,0.9985665812846446
546,0.266684799,1.679888826,0.186679359,0.9985826693447469,0.9999999999999998,0.9985826694087997
547,0.273520239,1.687187862,0.191464168,0.9985973751486572,1.0,0.9985973749901375
548,0.280428327,1.694418179,0.196299829,0.9986107500889232,0.9999999999999999,0.9986107501061254
549,0.287408372,1.701579055,0.20118586,0.9986228407575968,1.0,0.9986228409774712
550,0.294459674,1.708669774,0.206121772,0.9986336887862289,0.9999999999999996,0.9986336889135452
551,0.301581531,1.715689627,0.211107072,0.9986433306349096,0.9999999999999999,0.9986433306876317
552,0.308773228,1.722637911,0.21614126,0.9986517984859721,0.9999999999999997,0.9986517985224904
553,0.316034048,1.729513932,0.221223834,0.9986591204024022,0.9999999999999997,0.9986591204167965
554,0.323363264,1.736317002,0.226354285,0.9986653203642962,1.0,0.9986653202496835
555,0.330760143,1.743046441,0.2315321,0.998670418538478,0.9999999999999997,0.9986704185528336
556,0.338223945,1.749701576,0.236756762,0.998674431548999,1.0,0.9986744314834136
557,0.345753924,1.756281741,0.242027747,0.9986773722804021,1.0,0.998677372243446
558,0.353349328,1.762786279,0.247344529,0.9986792501209999,0.9999999999999998,0.9986792501754939
559,0.361009396,1.769214539,0.252706577,0.998680071117743,0.9999999999999996,0.9986800712233
560,0.368733362,1.775565879,0.258113353,0.9986798379797032,0.9999999999999999,0.9986798382716201
561,0.376520455,1.781839662,0.263564318,0.9986785497180694,1.0,0.9986785500545013
562,0.384369895,1.788035262,0.269058926,0.9986762023873567,0.9999999999999998,0.9986762028239693
563,0.392280897,1.794152059,0.274596628,0.9986727885876943,1.0,0.998672788786629
564,0.400252671,1.800189441,0.28017687,0.9986682970072789,1.0,0.9986682970859427
565,0.408284419,1.806146805,0.285799094,0.9986627135150986,1.0,0.9986627134085523
566,0.416375339,1.812023555,0.291462737,0.9986560196610841,1.0,0.9986560194987303
567,0.42452462,1.817819104,0.297167234,0.9986481937518193,1.0,0.9986481936694519
568,0.432731448,1.823532871,0.302912014,0.9986392100832809,1.0,0.9986392099204584
569,0.440995003,1.829164286,0.308696502,0.9986290388644659,1.0,0.998629038614702
570,0.449314457,1.834712785,0.31452012,0.9986176457478058,1.0,0.9986176454785377
571,0.45768898,1.840177813,0.320382286,0.9986049919577422,1.0,0.9986049917185263
572,0.466117734,1.845558824,0.326282414,0.9985910338668627,1.0,0.9985910336613739
573,0.474599875,1.850855281,0.332219912,0.998575723146164,1.0,0.9985757231152882
574,0.483134556,1.856066652,0.338194189,0.9985590053261901,0.9999999999999998,0.9985590053760826
575,0.491720923,1.861192417,0.344204646,0.9985408202244096,1.0,0.9985408202790171
576,0.500358117,1.866232064,0.350250682,0.9985211013120203,1.0,0.9985211014644718
577,0.509045275,1.871185088,0.356331693,0.9984997749434849,0.9999999999999998,0.9984997751066419
578,0.517781528,1.876050995,0.36244707,0.9984767601391122,1.0,0.9984767601991167
579,0.526566003,1.880829297,0.368596202,0.9984519672010452,1.0,0.9984519673119964
580,0.535397821,1.885519517,0.374778474,0.9984252974253752,1.0,0.9984252976209524
581,0.544276098,1.890121186,0.380993269,0.9983966428044087,0.9999999999999996,0.9983966428291029
582,0.553199948,1.894633843,0.387239963,0.9983658835965323,0.9999999999999998,0.9983658835980348
583,0.562168477,1.899057038,0.393517934,0.9983328885245183,1.0,0.9983328884579741
584,0.571180789,1.903390328,0.399826552,0.9982975129141821,0.9999999999999996,0.9982975128950908
585,0.580235982,1.907633279,0.406165188,0.998259596988779,0.9999999999999998,0.9982595969619532
586,0.589333152,1.911785468,0.412533206,0.9982189648176282,1.0,0.9982189647963337
587,0.598471388,1.915846479,0.418929971,0.9981754216407264,1.0,0.998175421685822
588,0.607649776,1.919815906,0.425354843,0.9981287526164173,0.9999999999999998,0.9981287527237018
589,0.616867399,1.923693353,0.431807179,0.998078719760795,1.0,0.9980787198537787
590,0.626123335,1.927478431,0.438286335,0.9980250588526305,0.9999999999999997,0.9980250588295588
591,0.635416659,1.931170762,0.444791661,0.9979674768995346,0.9999999999999997,0.9979674769126541
592,0.64474644,1.934769976,0.451322508,0.9979056477994246,1.0,0.9979056478363079
593,0.654111747,1.938275714,0.457878223,0.9978392075439511,0.9999999999999998,0.9978392074446824
594,0.663511642,1.941687626,0.464458149,0.9977677508051848,0.9999999999999998,0.9977677507075623
595,0.672945185,1.945005369,0.47106163,0.9976908229533782,1.0,0.9976908226937478
596,0.682411434,1.948228613,0.477688004,0.9976079141122717,1.0,0.9976079138185865
597,0.691909441,1.951357035,0.484336609,0.997518451268203,0.9999999999999997,0.9975184510438755
598,0.701438258,1.954390322,0.49100678,0.9974217875342989,1.0,0.9974217875787414
599,0.71099693,1.95732817,0.497697851,0.9973171922551649,1.0,0.997317192335155
600,0.720584502,1.960170287,0.504409151,0.9972038371285613,1.0,0.9972038371695193
601,0.730200015,1.962916387,0.511140011,0.9970807791376849,0.9999999999999998,0.997080779190439
602,0.739842509,1.965566196,0.517889756,0.9969469429776048,1.0,0.9969469430017002
603,0.749511017,1.96811945,0.524657712,0.9968010974713345,1.0,0.9968010975213246
604,0.759204575,1.970575893,0.531443202,0.9966418272448201,1.0,0.9966418273542402
605,0.768922212,1.972935278,0.538245548,0.9964674993410935,0.9999999999999998,0.9964674997000083
606,0.778662956,1.975197371,0.545064069,0.9962762228953835,1.0,0.9962762232103208
607,0.788425834,1.977361945,0.551898084,0.9960657973831918,1.0,0.996065797472767
608,0.798209869,1.979428784,0.558746908,0.9958336509963618,0.9999999999999998,0.9958336510632957
609,0.808014083,1.981397681,0.565609858,0.995576761955863,0.9999999999999997,0.9955767618905512
610,0.817837496,1.983268438,0.572486247,0.9952915618668317,0.9999999999999998,0.9952915619222826
611,0.827679124,1.98504087,0.579375387,0.9949738148930992,1.0,0.9949738147508989
612,0.837537985,1.986714799,0.586276589,0.9946184595731041,0.9999999999999998,0.9946184595052076
613,0.847413091,1.988290056,0.593189164,0.9942194088075503,1.0,0.9942194086150398
614,0.857303456,1.989766486,0.60011242,0.9937692932553399,1.0,0.9937692926613618
615,0.867208091,1.99114394,0.607045664,0.9932591230460847,1.0,0.9932591225515692
616,0.877126005,1.99242228,0.613988203,0.992677840841545,0.9999999999999998,0.9926778406577945
617,0.887056206,1.993601379,0.620939344,0.9920117294338487,1.0,0.9920117295183671
618,0.896997701,1.994681118,0.627898391,0.9912436066726077,0.9999999999999998,0.9912436065290062
619,0.906949497,1.99566139,0.634864648,0.9903517278955796,1.0,0.9903517278180077
620,0.916910597,1.996542097,0.641837418,0.9893082557919766,1.0,0.9893082556177161
621,0.926880006,1.997323151,0.648816005,0.9880771092307546,1.0,0.9880771091084497
622,0.936856728,1.998004473,0.655799709,0.9866108674977464,0.9999999999999997,0.9866108677352241
623,0.946839763,1.998585995,0.662787834,0.9848462474675097,0.9999999999999998,0.9848462479998755
624,0.956828115,1.99906766,0.66977968,0.9826973543051548,1.0,0.9826973549950399
625,0.966820783,1.999449418,0.676774548,0.9800453530611549,0.9999999999999997,0.9800453536464321
626,0.97681677,1.999731233,0.683771739,0.9767222800067785,0.9999999999999998,0.9767222804728837
627,0.986815075,1.999913075,0.690770552,0.9724849031987985,1.0,0.9724849040678444
628,0.996814698,1.999994927,0.697770289,0.9669711701398948,1.0,0.9669711704759087
629,1.00681464,1.99997678,0.704770248,0.9596249484469749,1.0,0.9596249486152099
630,1.0168139,1.999858636,0.71176973,0.9495607386649151,1.0,0.9495607384966511
631,1.02681148,1.999640508,0.718768036,0.9353095535060446,1.0,0.9353095533047135
632,1.036806377,1.999322416,0.725764464,0.9143191925055009,1.0,0.9143191913139843
633,1.046797595,1.998904392,0.732758316,0.8819280967740227,1.0,0.8819280959764133
634,1.056784132,1.998386479,0.739748893,0.8292032530567544,1.0,0.8292032521556231
635,1.066764992,1.997768729,0.746735494,0.7385631003225378,1.0,0.7385631006156554
636,1.076739174,1.997051202,0.753717422,0.5773113434873893,0.9999999999999998,0.5773113422394913
637,1.086705683,1.996233971,0.760693978,0.30330283596534013,1.0,0.3033028340269103
638,1.096663522,1.995317117,0.767664465,-0.07039468752095994,0.9999999999999997,-0.07039468796766364
639,1.106611694,1.994300733,0.774628186,-0.4174613575489438,0.9999999999999998,-0.4174613584079819
640,1.116549205,1.993184919,0.781584443,-0.6467899132447328,1.0,-0.646789912828955
641,1.126475061,1.991969787,0.788532543,-0.7775143786064465,0.9999999999999998,-0.7775143772459536
642,1.13638827,1.99065546,0.795471789,-0.8515427049224407,1.0,-0.8515427043628722
643,1.14628784,1.989242067,0.802401488,-0.8954370878280417,1.0,-0.8954370872988566
644,1.156172782,1.987729752,0.809320947,-0.9229478575837026,1.0,-0.9229478572008727
645,1.166042106,1.986118664,0.816229474,-0.9410953231759659,0.9999999999999997,-0.9410953228547463
646,1.175894826,1.984408965,0.823126378,-0.953603651204592,0.9999999999999997,-0.9536036508802967
647,1.185729957,1.982600826,0.83001097,-0.9625496591261016,1.0,-0.962549659446169
648,1.195546515,1.980694428,0.836882561,-0.9691496146862661,1.0,-0.9691496151208241
649,1.205343519,1.978689961,0.843740463,-0.9741481333405384,0.9999999999999994,-0.9741481335440427
650,1.215119988,1.976587626,0.850583992,-0.9780192694711382,0.9999999999999998,-0.9780192698655582
651,1.224874946,1.974387633,0.857412462,-0.9810753315098477,0.9999999999999997,-0.9810753317130043
652,1.234607416,1.972090202,0.864225191,-0.9835283325949131,0.9999999999999998,-0.9835283325915607
653,1.244316426,1.969695563,0.871021498,-0.9855260254870398,0.9999999999999998,-0.9855260256315209
654,1.254001004,1.967203955,0.877800703,-0.9871737892075864,1.0,-0.987173789150193
655,1.263660182,1.964615627,0.884562128,-0.9885483403011892,0.9999999999999997,-0.988548340584364
656,1.273292995,1.961930839,0.891305096,-0.9897065655758952,1.0,-0.9897065654750923
657,1.282898479,1.959149858,0.898028935,-0.9906913343297147,1.0,-0.9906913341055925
658,1.292475672,1.956272964,0.904732971,-0.9915354380193323,0.9999999999999998,-0.9915354381282457
659,1.302023619,1.953300442,0.911416533,-0.9922642893522913,1.0,-0.992264289225489
660,1.311541364,1.950232592,0.918078954,-0.9928978291400394,0.9999999999999998,-0.9928978289281203
661,1.321027954,1.947069719,0.924719568,-0.9934518719199179,1.0,-0.9934518717280563
662,1.330482442,1.94381214,0.93133771,-0.9939390879360215,0.9999999999999998,-0.9939390879234977
663,1.339903882,1.94046018,0.937932718,-0.9943697248572697,1.0,-0.9943697249533309
664,1.349291332,1.937014176,0.944503933,-0.9947521391337417,1.0,-0.9947521394158675
665,1.358643853,1.93347447,0.951050697,-0.9950932000912907,1.0,-0.9950932003028575
666,1.367960511,1.929841418,0.957572357,-0.9953985965167632,1.0,-0.9953985965541413
667,1.377240372,1.926115383,0.96406826,-0.9956730699800488,1.0,-0.995673069909002
668,1.38648251,1.922296736,0.970537757,-0.995920597694268,0.9999999999999998,-0.995920597516272
669,1.395685999,1.918385861,0.976980199,-0.996144536959627,0.9999999999999998,-0.9961445368097189
670,1.404849921,1.914383148,0.983394944,-0.9963477361112499,1.0,-0.9963477357433733
671,1.413973357,1.910288998,0.98978135,-0.996532624133108,0.9999999999999998,-0.9965326239077836
672,1.423055397,1.906103819,0.996138778,-0.9967012826613683,0.9999999999999998,-0.9967012825722938
673,1.432095132,1.901828031,1.002466592,-0.9968555039278867,0.9999999999999998,-0.9968555038700475
674,1.441091657,1.89746206,1.00876416,-0.9969968370370955,1.0,-0.9969968370381406
675,1.450044074,1.893006345,1.015030852,-0.9971266278960251,0.9999999999999998,-0.9971266278421897
676,1.458951486,1.888461329,1.02126604,-0.9972460473314197,1.0,-0.997246047366136
677,1.467813004,1.883827468,1.027469103,-0.9973561206980827,0.9999999999999997,-0.9973561208825381
678,1.476627741,1.879105225,1.033639419,-0.9974577468589289,1.0,-0.9974577469869577
679,1.485394816,1.874295072,1.039776371,-0.9975517176140832,1.0,-0.9975517177520097
680,1.494113351,1.86939749,1.045879346,-0.9976387310457863,1.0,-0.9976387314306846
681,1.502782476,1.86441297,1.051947733,-0.9977194065847932,0.9999999999999998,-0.9977194069161992
682,1.511401322,1.859342008,1.057980926,-0.9977942927271969,1.0,-0.9977942930538163
683,1.519969029,1.854185114,1.063978321,-0.9978638790453668,1.0,-0.9978638793116463
684,1.52848474,1.848942801,1.069939318,-0.9979286009316577,1.0,-0.9979286009397762
685,1.536947602,1.843615595,1.075863322,-0.9979888487888096,1.0,-0.9979888487667745
686,1.545356771,1.838204028,1.081749739,-0.9980449718084805,1.0,-0.9980449716417075
687,1.553711404,1.832708641,1.087597983,-0.9980972835439975,0.9999999999999998,-0.9980972834021508
688,1.562010666,1.827129985,1.093407466,-0.9981460666164227,1.0,-0.9981460663589884
689,1.570253728,1.821468615,1.099177609,-0.9981915748526716,1.0,-0.9981915744949629
690,1.578439764,1.8157251,1.104907835,-0.9982340376932083,1.0,-0.9982340375087457
691,1.586567958,1.809900013,1.11059757,-0.9982736626246853,1.0,-0.9982736623404552
692,1.594637495,1.803993936,1.116246246,-0.9983106370623043,1.0,-0.9983106367262892
693,1.602647568,1.798007461,1.121853298,-0.9983451308231273,1.0,-0.9983451307115857
694,1.610597378,1.791941186,1.127418165,-0.9983772984658137,1.0,-0.9983772984730025
695,1.618486128,1.785795717,1.13294029,-0.9984072791429532,0.9999999999999996,-0.9984072792237216
696,1.62631303,1.77957167,1.138419121,-0.9984352003209062,0.9999999999999998,-0.9984352004679299
697,1.634077302,1.773269665,1.143854111,-0.9984611769286688,1.0,-0.9984611770104015
698,1.641778166,1.766890335,1.149244716,-0.9984853138390513,0.9999999999999996,-0.9984853138819852
699,1.649414853,1.760434316,1.154590397,-0.9985077060675579,1.0,-0.99850770618966
700,1.656986599,1.753902254,1.159890619,-0.9985284401122886,0.9999999999999998,-0.9985284401935736
701,1.664492647,1.747294803,1.165144853,-0.9985475941196151,0.9999999999999998,-0.9985475943293571
702,1.671932246,1.740612623,1.170352572,-0.9985652394271768,1.0,-0.9985652395527255
703,1.679304652,1.733856382,1.175513257,-0.9985814398295034,0.9999999999999996,-0.9985814399526771
704,1.686609129,1.727026756,1.18062639,-0.9985962535780554,0.9999999999999998,-0.9985962536237648
705,1.693844945,1.720124428,1.185691461,-0.9986097328175286,0.9999999999999996,-0.9986097326346417
706,1.701011377,1.713150089,1.190707964,-0.9986219243055766,1.0,-0.9986219242514172
707,1.708107709,1.706104435,1.195675396,-0.9986328698966744,1.0,-0.9986328697377826
708,1.715133231,1.698988171,1.200593261,-0.9986426064522771,0.9999999999999998,-0.9986426062023597
709,1.722087239,1.691802008,1.205461068,-0.9986511664843444,0.9999999999999998,-0.9986511664998307
710,1.72896904,1.684546666,1.210278328,-0.9986585786068569,1.0,-0.9986585785854859
711,1.735777945,1.67722287,1.215044561,-0.9986648670228431,0.9999999999999999,-0.9986648670360808
712,1.742513272,1.669831353,1.21975929,-0.9986700523851834,1.0,-0.9986700524848957
713,1.749174348,1.662372853,1.224422044,-0.9986741513862986,1.0,-0.9986741515560027
714,1.755760508,1.654848116,1.229032356,-0.9986771771217904,0.9999999999999998,-0.9986771773081836
715,1.762271092,1.647257894,1.233589765,-0.9986791393128153,1.0,-0.9986791394961915
716,1.76870545,1.639602948,1.238093815,-0.9986800443428868,1.0,-0.9986800444425914
717,1.775062938,1.631884042,1.242544057,-0.9986798951350424,0.9999999999999998,-0.9986798953070609
718,1.78134292,1.624101947,1.246940044,-0.9986786909404372,1.0,-0.9986786910660485
719,1.787544769,1.616257444,1.251281338,-0.998676428273779,0.9999999999999999,-0.9986764282860988
720,1.793667864,1.608351315,1.255567505,-0.9986730997704806,0.9999999999999998,-0.998673099830905
721,1.799711593,1.600384351,1.259798115,-0.9986686946015597,0.9999999999999998,-0.9986686945666352
722,1.805675351,1.592357349,1.263972746,-0.9986631985374549,1.0,-0.9986631985546497
723,1.811558542,1.584271112,1.268090979,-0.9986565938970055,0.9999999999999997,-0.9986565936319347
724,1.817360578,1.576126449,1.272152405,-0.9986488590951561,0.9999999999999997,-0.9986488589066363
725,1.823080879,1.567924173,1.276156615,-0.998639968708273,0.9999999999999996,-0.9986399685057861
726,1.828718872,1.559665106,1.280103211,-0.9986298931335941,0.9999999999999999,-0.9986298930005633
727,1.834273995,1.551350072,1.283991796,-0.9986185985940491,1.0,-0.9986185983706447
728,1.83974569,1.542979904,1.287821983,-0.9986060465716627,0.9999999999999996,-0.9986060465284837
729,1.845133412,1.534555438,1.291593388,-0.9985921943385797,1.0,-0.9985921940767645
730,1.850436621,1.526077517,1.295305634,-0.9985769933341959,0.9999999999999998,-0.9985769929563756
731,1.855654787,1.517546989,1.298958351,-0.9985603897282764,0.9999999999999999,-0.9985603895981978
732,1.860787388,1.508964707,1.302551172,-0.998542323829527,1.0,-0.998542324028143
733,1.865833911,1.500331528,1.306083738,-0.9985227295544497,1.0,-0.9985227298453868
734,1.870793852,1.491648317,1.309555696,-0.9985015340047104,0.9999999999999999,-0.998501534179757
735,1.875666714,1.482915942,1.3129667,-0.9984786568144306,0.9999999999999999,-0.9984786569537367
736,1.88045201,1.474135275,1.316316407,-0.998454008859711,0.9999999999999999,-0.9984540090324345
737,1.885149261,1.465307195,1.319604483,-0.9984274923478567,0.9999999999999999,-0.998427492501383
738,1.889757998,1.456432585,1.322830599,-0.99839900000009,1.0,-0.9983990002270015
739,1.894277761,1.447512332,1.325994432,-0.9983684131940471,0.9999999999999993,-0.9983684132717994
740,1.898708096,1.438547328,1.329095667,-0.9983356013534547,0.9999999999999999,-0.9983356013275013
741,1.903048561,1.429538469,1.332133993,-0.9983004207527447,1.0,-0.9983004208576053
742,1.907298722,1.420486657,1.335109105,-0.9982627132389404,0.9999999999999999,-0.9982627131118507
743,1.911458154,1.411392797,1.338020708,-0.9982223041842393,0.9999999999999998,-0.9982223042526184
744,1.915526441,1.402257798,1.340868509,-0.9981790005313823,0.9999999999999998,-0.9981790005452505
745,1.919503176,1.393082574,1.343652223,-0.9981325890066155,0.9999999999999998,-0.9981325890029791
746,1.923387961,1.383868041,1.346371573,-0.9980828332405354,0.9999999999999994,-0.9980828330634427
747,1.927180409,1.374615122,1.349026286,-0.9980294715947682,0.9999999999999998,-0.9980294713856462
748,1.930880139,1.365324742,1.351616097,-0.9979722134190642,1.0,-0.9979722130447991
749,1.934486782,1.35599783,1.354140747,-0.9979107352823114,0.9999999999999998,-0.9979107349026729
750,1.937999977,1.346635318,1.356599984,-0.997844676788949,0.9999999999999998,-0.9978446768220042
751,1.941419373,1.337238143,1.358993561,-0.9977736355973496,1.0,-0.9977736356849863
752,1.944744627,1.327807244,1.361321239,-0.9976971611070387,1.0,-0.9976971611815234
753,1.947975408,1.318343565,1.363582786,-0.9976147487000087,0.9999999999999998,-0.9976147488629157
754,1.951111392,1.308848052,1.365777975,-0.9975258300834946,1.0,-0.9975258307028344
755,1.954152266,1.299321654,1.367906586,-0.9974297651255157,1.0,-0.9974297655079574
756,1.957097726,1.289765325,1.369968408,-0.9973258305819868,0.9999999999999993,-0.997325830828519
757,1.959947476,1.280180019,1.371963233,-0.9972132058230534,0.9999999999999999,-0.9972132057694415
758,1.962701233,1.270566695,1.373890863,-0.9970909583639814,0.9999999999999998,-0.9970909579451548
759,1.96535872,1.260926315,1.375751104,-0.9969580234558563,0.9999999999999999,-0.9969580233649136
760,1.967919672,1.251259843,1.37754377,-0.9968131834647976,0.9999999999999998,-0.996813183271716
761,1.970383833,1.241568244,1.379268683,-0.9966550389856667,0.9999999999999997,-0.9966550386037429
762,1.972750956,1.231852489,1.380925669,-0.9964819759110604,0.9999999999999998,-0.9964819757449728
763,1.975020806,1.222113549,1.382514564,-0.9962921258092059,0.9999999999999998,-0.9962921255041134
764,1.977193153,1.212352398,1.384035207,-0.9960833139726967,1.0,-0.9960833134737915
765,1.979267783,1.202570012,1.385487448,-0.9958530013532161,0.9999999999999999,-0.9958530010157971
766,1.981244486,1.192767369,1.38687114,-0.9955982054810635,0.9999999999999999,-0.9955982047914302
767,1.983123066,1.182945449,1.388186146,-0.995315405880645,0.9999999999999997,-0.9953154053432616
768,1.984903334,1.173105235,1.389432334,-0.9950004242845295,0.9999999999999997,-0.9950004244028875
769,1.986585113,1.163247711,1.390609579,-0.994648271568657,0.9999999999999999,-0.9946482722355887
770,1.988168234,1.153373862,1.391717764,-0.9942529513032385,0.9999999999999997,-0.9942529524305165
771,1.989652539,1.143484676,1.392756777,-0.9938072070531483,0.9999999999999998,-0.9938072082362578
772,1.99103788,1.133581141,1.393726516,-0.9933021934032036,0.9999999999999998,-0.9933021948639732
773,1.992324117,1.123664249,1.394626882,-0.9927270365189763,0.9999999999999997,-0.992727037862557
774,1.993511123,1.11373499,1.395457786,-0.9920682579023531,1.0,-0.9920682581244218
775,1.994598779,1.103794357,1.396219145,-0.9913089875892399,0.9999999999999996,-0.9913089872883023
776,1.995586976,1.093843346,1.396910883,-0.9904278922620487,0.9999999999999996,-0.9904278916821526
777,1.996475615,1.08388295,1.39753293,-0.989397690266008,0.9999999999999998,-0.989397688816562
778,1.997264607,1.073914165,1.398085225,-0.9881830523319554,0.9999999999999993,-0.9881830513224473
779,1.997953873,1.06393799,1.398567711,-0.9867376041340161,0.9999999999999993,-0.9867376026556585
780,1.998543345,1.053955421,1.398980342,-0.9849995400316097,0.9999999999999994,-0.9849995409749341
781,1.999032964,1.043967456,1.399323075,-0.9828850862443306,0.9999999999999992,-0.9828850878437828
782,1.99942268,1.033975094,1.399595876,-0.9802785268186316,0.999999999999999,-0.9802785285679002
783,1.999712454,1.023979335,1.399798718,-0.9770165948531092,0.999999999999999,-0.9770165978603417
784,1.999902259,1.013981178,1.399931581,-0.9728633636620546,0.9999999999999989,-0.9728633647762915
785,1.999992073,1.003981623,1.399994451,-0.9674684418851281,0.9999999999999986,-0.9674684423172727
786,1.99998189,0.99398167,1.399987323,-0.9602950707901161,0.9999999999999978,-0.9602950720812363
787,1.999871709,0.983982319,1.399910196,-0.9504911643817221,0.9999999999999973,-0.950491163945547
788,1.999661541,0.973984569,1.399763079,-0.9366480561727706,0.999999999999997,-0.9366480585014131
789,1.999351409,0.963989421,1.399545986,-0.9163277906912171,0.9999999999999954,-0.9163277880455285
790,1.998941342,0.953997874,1.399258939,-0.8850953718916532,0.9999999999999939,-0.8850953552999316
791,1.998431382,0.944010928,1.398901967,-0.8344811916084129,0.9999999999999909,-0.8344811616966165
792,1.997821579,0.93402958,1.398475105,-0.7478218933397002,0.9999999999999865,-0.747821843856701
793,1.997111995,0.924054829,1.397978397,-0.5937930823486876,0.9999999999999757,-0.5937930682306
794,1.996302701,0.914087672,1.397411891,-0.3297275674175939,0.9999999999999633,-0.3297275930395194
795,1.995393777,0.904129107,1.396775644,0.03957122813606494,0.9999999999999597,0.03957120445672185
796,1.994385315,0.894180128,1.396069721,0.39382354692013694,0.9999999999999648,0.39382353369966955
797,1.993277415,0.884241732,1.395294191,0.6327463490140642,0.9999999999999809,0.6327463916708416
798,1.992070188,0.874314911,1.394449132,0.7696507351107604,0.9999999999999869,0.7696507702975967
799,1.990763755,0.864400659,1.393534629,0.8470016878174684,0.9999999999999909,0.8470017226320063
800,1.989358247,0.854499966,1.392550773,0.8926683202782748,0.9999999999999936,0.8926683293746684
801,1.987853803,0.844613824,1.391497662,0.9211658722937188,0.9999999999999941,0.9211658691658661
802,1.986250575,0.834743219,1.390375402,0.9398926575704258,0.9999999999999934,0.9398926473866758
803,1.984548723,0.824889141,1.389184106,0.95275867813269,0.9999999999999951,0.9527586644149376
804,1.982748416,0.815052573,1.387923891,0.9619355874187671,0.9999999999999958,0.9619355763165838
805,1.980849836,0.8052345,1.386594885,0.9686904654443519,0.9999999999999966,0.9686904554429154
806,1.978853171,0.795435903,1.38519722,0.9737964243244265,0.999999999999997,0.9737964168422901
807,1.976758622,0.785657763,1.383731035,0.9777442329061387,0.9999999999999977,0.9777442266321903
808,1.974566398,0.775901057,1.382196478,0.9808563881269071,0.999999999999998,0.9808563799096228
809,1.972276718,0.76616676,1.380593702,0.9833513167749738,0.9999999999999982,0.9833513101130393
810,1.969889811,0.756455846,1.378922868,0.9853809476724257,0.9999999999999987,0.9853809453886402
811,1.967405916,0.746769287,1.377184141,0.9870534511315242,0.9999999999999989,0.9870534513848379
812,1.964825281,0.73710805,1.375377697,0.9884474567481405,0.999999999999999,0.9884474600508549
813,1.962148164,0.727473103,1.373503715,0.9896211812916906,0.999999999999999,0.9896211847179461
814,1.959374834,0.717865408,1.371562384,0.9906184484376591,0.9999999999999991,0.9906184520788975
815,1.956505567,0.708285926,1.369553897,0.9914727391334693,0.9999999999999988,0.9914727430161808
816,1.95354065,0.698735615,1.367478455,0.9922099762129741,0.9999999999999994,0.9922099792665939
817,1.950480379,0.689215431,1.365336266,0.9928504786691728,0.9999999999999994,0.9928504816038716
818,1.947325062,0.679726325,1.363127543,0.9934103511793705,0.9999999999999989,0.9934103525274763
819,1.944075013,0.670269245,1.360852509,0.9939024858442007,0.9999999999999994,0.9939024859482379
820,1.940730557,0.660845139,1.35851139,0.9943372995282296,0.9999999999999994,0.9943372991495213
821,1.937292028,0.651454948,1.35610442,0.9947232842936513,0.9999999999999999,0.994723283925617
822,1.933759772,0.642099611,1.35363184,0.9950674161144109,0.9999999999999999,0.99506741550688
823,1.93013414,0.632780064,1.351093898,0.995375467127446,0.9999999999999996,0.9953754663819765
824,1.926415495,0.623497238,1.348490847,0.9956522477333093,0.9999999999999999,0.995652247347934
825,1.92260421,0.614252063,1.345822947,0.9959017906559497,0.9999999999999993,0.9959017901868606
826,1.918700665,0.605045461,1.343090466,0.9961274981259365,0.9999999999999998,0.9961274974722626
827,1.914705251,0.595878355,1.340293676,0.9963322550604227,0.9999999999999999,0.9963322546002918
828,1.910618367,0.586751661,1.337432857,0.9965185209135137,0.9999999999999999,0.9965185207371499
829,1.906440422,0.577666292,1.334508295,0.9966884027377587,0.9999999999999999,0.9966884026880701
830,1.902171834,0.568623155,1.331520284,0.9968437141900918,0.9999999999999996,0.9968437140970996
831,1.897813029,0.559623156,1.32846912,0.9969860221819646,1.0,0.99698602212054
832,1.893364444,0.550667194,1.325355111,0.9971166869599976,1.0,0.9971166869309617
833,1.888826523,0.541756165,1.322178566,0.9972368933394951,0.9999999999999998,0.9972368932210663
834,1.88419972,0.53289096,1.318939804,0.9973476764671683,0.9999999999999996,0.9973476763188441
835,1.879484498,0.524072465,1.315639148,0.9974499450167383,0.9999999999999996,0.9974499446456089
836,1.874681328,0.515301563,1.312276929,0.9975444982741845,1.0,0.9975444978382173
837,1.86979069,0.50657913,1.308853483,0.997632042210116,1.0,0.997632041633078
838,1.864813075,0.497906039,1.305369152,0.9977132013771199,0.9999999999999998,0.997713200977709
839,1.859748978,0.489283157,1.301824285,0.9977885296512816,0.9999999999999998,0.9977885296851814
840,1.854598908,0.480711346,1.298219236,0.9978585210119385,0.9999999999999998,0.9978585213090436
841,1.849363379,0.472191463,1.294554365,0.9979236157650693,0.9999999999999994,0.9979236158736551
842,1.844042913,0.463724361,1.290830039,0.9979842064022045,0.9999999999999998,0.9979842067512735
843,1.838638044,0.455310887,1.287046631,0.9980406457267998,0.9999999999999998,0.9980406462662577
844,1.833149313,0.44695188,1.283204519,0.9980932505904226,0.9999999999999997,0.9980932509785228
845,1.827577266,0.438648178,1.279304087,0.9981423049207607,0.9999999999999998,0.9981423055879161
846,1.821922463,0.430400611,1.275345724,0.9981880651750844,1.0,0.9981880655675731
847,1.816185469,0.422210003,1.271329828,0.9982307628063578,0.9999999999999998,0.9982307629193287
848,1.810366856,0.414077173,1.267256799,0.998270606653003,1.0,0.9982706065944518
849,1.804467207,0.406002936,1.263127045,0.9983077857217485,0.9999999999999999,0.9983077857616206
850,1.798487113,0.397988097,1.258940979,0.9983424714368455,1.0,0.9983424713208346
851,1.79242717,0.39003346,1.254699019,0.99837481888541,0.9999999999999999,0.9983748188033994
852,1.786287985,0.382139818,1.25040159,0.9984049689766392,1.0,0.9984049688928646
853,1.780070172,0.374307962,1.246049121,0.9984330496474821,1.0,0.9984330496224065
854,1.773774353,0.366538675,1.241642047,0.9984591771172323,1.0,0.9984591769146564
855,1.767401157,0.358832733,1.23718081,0.9984834568194728,0.9999999999999997,0.9984834566930748
856,1.760951221,0.351190907,1.232665855,0.9985059846655336,0.9999999999999999,0.9985059847016053
857,1.754425191,0.343613962,1.228097634,0.998526847773917,0.9999999999999999,0.9985268478174405
858,1.747823719,0.336102655,1.223476604,0.9985461248856328,1.0,0.9985461251631973
859,1.741147466,0.328657737,1.218803226,0.9985638879668032,1.0,0.9985638880262117
860,1.734397098,0.321279953,1.214077969,0.9985802013240814,0.9999999999999999,0.9985802012988871
861,1.727573291,0.31397004,1.209301304,0.9985951233801775,1.0,0.9985951234128728
862,1.720676727,0.306728729,1.204473709,0.9986087070797491,0.9999999999999999,0.99860870709544
863,1.713708097,0.299556745,1.199595668,0.9986209997745981,0.9999999999999999,0.9986209997145957
864,1.706668096,0.292454805,1.194667667,0.9986320430557013,1.0,0.9986320429476037
865,1.699557429,0.285423619,1.1896902,0.9986418747180013,0.9999999999999999,0.998641874346555
866,1.692376806,0.27846389,1.184663764,0.9986505274762354,0.9999999999999998,0.9986505270825641
867,1.685126947,0.271576314,1.179588863,0.998658030037352,0.9999999999999999,0.998658029760149
868,1.677808575,0.264761579,1.174466003,0.9986644071073634,0.9999999999999999,0.9986644070178021
869,1.670422424,0.258020368,1.169295697,0.9986696797227,0.9999999999999999,0.9986696796876421
870,1.66296923,0.251353354,1.164078461,0.9986738644852439,0.9999999999999998,0.9986738645183793
871,1.65544974,0.244761205,1.158814818,0.9986769751428347,1.0,0.9986769752442366
872,1.647864706,0.238244578,1.153505294,0.9986790217692532,1.0,0.9986790218018516
873,1.640214886,0.231804126,1.14815042,0.9986800109075407,0.9999999999999997,0.9986800108455833
874,1.632501045,0.225440494,1.142750731,0.9986799455561295,0.9999999999999997,0.9986799455024893
875,1.624723954,0.219154316,1.137306768,0.9986788255850687,1.0,0.9986788256529341
876,1.616884391,0.212946223,1.131819074,0.9986766472932536,0.9999999999999999,0.9986766474411531
877,1.608983141,0.206816834,1.126288198,0.9986734039641135,0.9999999999999998,0.998673403999506
878,1.601020992,0.200766763,1.120714695,0.9986690849877096,1.0,0.9986690850582658
879,1.592998742,0.194796615,1.11509912,0.9986636763524539,1.0,0.9986636765883946
880,1.584917193,0.188906986,1.109442035,0.9986571608395646,1.0,0.9986571609744649
881,1.576777152,0.183098466,1.103744007,0.9986495169560503,0.9999999999999998,0.9986495171118565
882,1.568579435,0.177371635,1.098005604,0.9986407197492373,1.0,0.9986407197490399
883,1.560324859,0.171727067,1.092227401,0.9986307395852732,0.9999999999999998,0.9986307394864867
884,1.552014252,0.166165325,1.086409976,0.9986195433804134,0.9999999999999996,0.9986195432448045
885,1.543648444,0.160686966,1.080553911,0.9986070930992667,0.9999999999999998,0.9986070930755618
886,1.535228271,0.155292537,1.07465979,0.9985933461302323,1.0,0.9985933462183845
887,1.526754576,0.149982579,1.068728203,0.9985782543730605,0.9999999999999998,0.9985782544269632
888,1.518228206,0.144757621,1.062759744,0.9985617646575258,1.0,0.998561764597832
889,1.509650013,0.139618187,1.056755009,0.9985438175444964,1.0,0.9985438174339306
890,1.501020856,0.134564791,1.0507146,0.9985243475719349,1.0,0.9985243475859734
891,1.492341598,0.129597937,1.044639118,0.9985032826680968,0.9999999999999998,0.9985032825442004
892,1.483613105,0.124718123,1.038529174,0.9984805423748696,0.9999999999999998,0.9984805423598977
893,1.474836252,0.119925836,1.032385376,0.9984560388059927,0.9999999999999996,0.9984560387439406
894,1.466011915,0.115221556,1.026208341,0.9984296749948676,1.0,0.9984296751266752
895,1.457140978,0.110605753,1.019998685,0.998401344082092,1.0,0.9984013442462196
896,1.448224327,0.106078889,1.013757029,0.9983709286311294,1.0,0.998370928732051
897,1.439262854,0.101641416,1.007483998,0.9983382990196921,0.9999999999999998,0.9983382992765781
898,1.430257455,0.097293778,1.001180218,0.9983033128895968,1.0,0.9983033129446481
899,1.42120903,0.09303641,0.994846321,0.998265813005327,1.0,0.9982658129361428
900,1.412118485,0.088869738,0.98848294,0.9982256258131033,0.9999999999999997,0.9982256258225711
901,1.402986729,0.084794178,0.98209071,0.9981825602068296,1.0,0.9981825599908701
902,1.393814674,0.080810138,0.975670272,0.998136404154882,1.0,0.9981364040233814
903,1.384603238,0.076918016,0.969222267,0.9980869239266921,1.0,0.9980869238900748
904,1.375353342,0.073118201,0.962747339,0.9980338597283973,0.9999999999999998,0.9980338596804114
905,1.366065911,0.069411074,0.956246138,0.9979769231817626,1.0,0.9979769231567701
906,1.356741874,0.065797005,0.949719311,0.9979157936661739,0.9999999999999998,0.9979157934333583
907,1.347382162,0.062276356,0.943167514,0.9978501138869292,0.9999999999999998,0.9978501138330488
908,1.337987713,0.058849478,0.936591399,0.9977794850282071,0.9999999999999998,0.9977794850185622
909,1.328559466,0.055516714,0.929991626,0.9977034611492642,1.0,0.9977034611698826
910,1.319098362,0.052278398,0.923368854,0.9976215415678631,1.0,0.997621541568001
911,1.309605349,0.049134853,0.916723745,0.9975331635740299,0.9999999999999998,0.9975331638359176
912,1.300081376,0.046086394,0.910056963,0.9974376934047607,1.0,0.9974376935023851
913,1.290527395,0.043133326,0.903369177,0.9973344140794779,1.0,0.9973344143593531
914,1.280944362,0.040275943,0.896661053,0.9972225141339134,1.0,0.9972225142075906
915,1.271333234,0.037514532,0.889933264,0.9971010699272385,0.9999999999999998,0.9971010699338094
916,1.261694973,0.034849369,0.883186481,0.9969690286825428,1.0,0.9969690286094892
917,1.252030543,0.03228072,0.87642138,0.9968251855329643,1.0,0.9968251853581483
918,1.24234091,0.029808842,0.869638637,0.9966681565851853,1.0,0.9966681565203478
919,1.232627043,0.027433982,0.86283893,0.9964963466000359,1.0,0.9964963465330254
920,1.222889914,0.025156379,0.85602294,0.9963079081682806,1.0,0.9963079080340228
921,1.213130496,0.022976258,0.849191347,0.9961006944917701,0.9999999999999997,0.9961006943928408
922,1.203349765,0.02089384,0.842344835,0.9958721967919392,1.0,0.9958721965571005
923,1.193548699,0.018909331,0.835484089,0.9956194715948148,1.0,0.9956194712273132
924,1.183728279,0.01702293,0.828609795,0.9953390455853857,1.0,0.9953390453264473
925,1.173889485,0.015234827,0.82172264,0.995026797246171,1.0,0.9950267971225706
926,1.164033303,0.013545199,0.814823312,0.9946778089104654,1.0,0.9946778090872999
927,1.154160718,0.011954215,0.807912503,0.9942861741594597,0.9999999999999998,0.9942861743775522
928,1.144272717,0.010462036,0.800990902,0.9938447464578432,0.9999999999999998,0.9938447468068213
929,1.134370289,0.009068809,0.794059202,0.9933448207920433,1.0,0.9933448212147035
930,1.124454424,0.007774675,0.787118096,0.9927757049924792,1.0,0.992775705088315
931,1.114526113,0.006579762,0.780168279,0.9921241531399444,1.0,0.9921241530659972
932,1.10458635,0.00548419,0.773210445,0.9913736005464089,1.0,0.991373600623598
933,1.094636128,0.00448807,0.76624529,0.9905031166715835,0.9999999999999998,0.990503116737309
934,1.084676443,0.003591499,0.75927351,0.9894859608824284,0.9999999999999997,0.9894859610596447
935,1.07470829,0.002794569,0.752295803,0.9882875408472545,0.9999999999999998,0.9882875409336638
936,1.064732667,0.002097359,0.745312867,0.9868625002220013,1.0,0.9868625003583642
937,1.05475057,0.001499937,0.738325399,0.9851504684992923,1.0,0.9851504686331028
938,1.044762998,0.001002365,0.731334099,0.9830697273456256,1.0,0.9830697275913105
939,1.03477095,0.000604692,0.724339665,0.9805075824226033,0.9999999999999998,0.9805075825938401
940,1.024775425,0.000306958,0.717342798,0.9773053213067177,0.9999999999999998,0.9773053214464478
941,1.014777423,0.000109192,0.710344196,0.973234040896546,0.9999999999999997,0.9732340408270934
942,1.004777943,1.14144e-05,0.70334456,0.96795459440675,1.0,0.9679545943932131
943,0.994777985,1.36348e-05,0.696344589,0.9609487801056132,1.0,0.9609487798593515
944,0.984778549,0.000115853,0.689344984,0.9513964650194029,1.0,0.9513964648418258
945,0.974780635,0.000318059,0.682346444,0.9379464495298098,1.0,0.9379464485499776
946,0.964785243,0.000620232,0.67534967,0.9182691415761863,0.9999999999999998,0.9182691406803166
947,0.954793373,0.001022342,0.668355361,0.8881437675461971,1.0,0.888143766061472
948,0.944806023,0.001524349,0.661364216,0.8395383650922331,1.0,0.839538363132921
949,0.934824192,0.002126203,0.654376935,0.7566631644151023,1.0,0.7566631636535994
950,0.92484888,0.002827844,0.647394216,0.6095588894539432,1.0,0.6095588903568677
951,0.914881082,0.003629201,0.640416757,0.3553987418394587,1.0,0.3553987426813889
952,0.904921796,0.004530194,0.633445257,-0.008634391304587083,0.9999999999999998,-0.008634390094730417
953,0.894972017,0.005530733,0.626480412,-0.36937710383864986,0.9999999999999998,-0.3693771028427242
954,0.885032742,0.006630718,0.619522919,-0.6180485873390622,0.9999999999999998,-0.6180485866581588
955,0.875104963,0.00783004,0.612573474,-0.7614197870952025,1.0,-0.7614197862002362
956,0.865189673,0.009128578,0.605632771,-0.8422667826401334,1.0,-0.8422667818011085
957,0.855287865,0.010526202,0.598701505,-0.8897941897190091,0.9999999999999997,-0.8897941892711242
958,0.845400527,0.012022772,0.591780369,-0.9193236290776535,1.0,-0.9193236287583687
959,0.835528649,0.013618139,0.584870055,-0.9386536806836343,0.9999999999999998,-0.9386536797299749
960,0.825673219,0.015312144,0.577971253,-0.9518907454456136,0.9999999999999998,-0.9518907454458724
961,0.815835221,0.017104617,0.571084654,-0.9613063972011497,1.0,-0.9613063977945397
962,0.806015639,0.018995378,0.564210947,-0.9682209917516891,1.0,-0.9682209924824122
963,0.796215455,0.02098424,0.557350819,-0.9734374492519273,0.9999999999999994,-0.9734374493428646
964,0.78643565,0.023071001,0.550504955,-0.9774639491143149,0.9999999999999997,-0.9774639490924
965,0.776677201,0.025255455,0.543674041,-0.9806335614771965,1.0,-0.9806335610700585
966,0.766941084,0.027537383,0.536858759,-0.9831713703099199,0.9999999999999997,-0.9831713698343613
967,0.757228273,0.029916556,0.530059791,-0.9852336202101378,1.0,-0.9852336198233462
968,0.747539738,0.032392737,0.523277817,-0.9869313594382196,1.0,-0.9869313589167281
969,0.73787645,0.034965677,0.516513515,-0.98834518404999,0.9999999999999998,-0.9883451839445788
970,0.728239374,0.03763512,0.509767562,-0.9895346851724275,0.9999999999999998,-0.9895346851712441
971,0.718629473,0.040400799,0.503040631,-0.9905446618011784,1.0,-0.9905446618456247
972,0.709047709,0.043262437,0.496333397,-0.9914093022965281,0.9999999999999998,-0.9914093021600628
973,0.699495041,0.046219748,0.489646529,-0.992155051467211,0.9999999999999997,-0.9921550514578188
974,0.689972422,0.049272436,0.482980696,-0.9928026184903719,1.0,-0.99280261834554
975,0.680480806,0.052420196,0.476336564,-0.9933684021210336,0.9999999999999998,-0.9933684021932309
976,0.671021142,0.055662713,0.469714799,-0.9938655202490698,1.0,-0.9938655205325673
977,0.661594375,0.058999664,0.463116063,-0.9943045651989383,0.9999999999999997,-0.9943045652420611
978,0.652201449,0.062430713,0.456541014,-0.9946941651708717,0.9999999999999998,-0.9946941653771714
979,0.642843302,0.065955519,0.449990312,-0.9950414034897638,0.9999999999999998,-0.9950414037903341
980,0.633520871,0.069573728,0.44346461,-0.99535214013756,0.9999999999999998,-0.995352140370929
981,0.624235087,0.073284979,0.436964561,-0.9956312541471899,1.0,-0.995631254218894
982,0.614986879,0.077088901,0.430490815,-0.9958828339335261,1.0,-0.9958828339913476
983,0.605777173,0.080985113,0.424044021,-0.9961103278035893,0.9999999999999998,-0.9961103279690271
984,0.596606888,0.084973226,0.417624821,-0.9963166574881437,0.9999999999999997,-0.9963166577297218
985,0.587476942,0.089052841,0.411233859,-0.9965043140649504,0.9999999999999998,-0.9965043143618797
986,0.578388248,0.09322355,0.404871774,-0.9966754305909209,1.0,-0.9966754307296931
987,0.569341715,0.097484935,0.398539201,-0.9968318420792929,1.0,-0.996831841995993
988,0.560338248,0.101836572,0.392236773,-0.9969751332732599,1.0,-0.9969751333416265
989,0.551378746,0.106278024,0.385965122,-0.9971066796153641,1.0,-0.997106679625091
990,0.542464106,0.110808847,0.379724874,-0.9972276789236365,1.0,-0.9972276789079363
991,0.533595219,0.115428589,0.373516654,-0.9973391776276647,1.0,-0.9973391773370341
992,0.524772973,0.120136788,0.367341081,-0.9974420932968534,1.0,-0.9974420931176445
993,0.515998249,0.124932971,0.361198774,-0.9975372342450414,1.0,-0.9975372341472408
994,0.507271924,0.129816661,0.355090347,-0.9976253125305047,0.9999999999999998,-0.9976253124931401
995,0.498594872,0.134787369,0.34901641,-0.9977069586969054,0.9999999999999998,-0.9977069586878395
996,0.48996796,0.139844597,0.342977572,-0.9977827325745895,0.9999999999999997,-0.9977827324420232
997,0.48139205,0.144987839,0.336974435,-0.9978531326076049,1.0,-0.9978531325403531
998,0.472868002,0.150216583,0.331007601,-0.9979186018821076,1.0,-0.997918601798473
999,0.464396665,0.155530304,0.325077666,-0.9979795379334098,1.0,-0.9979795378468049
1000,0.455978889,0.160928471,0.319185222,-0.9980362960661932,0.9999999999999998,-0.9980362961154373
1001,0.447615514,0.166410545,0.31333086,-0.9980891952734898,1.0,-0.9980891953357363
1002,0.439307378,0.171975977,0.307515165,-0.9981385224643419,1.0,-0.9981385224427571
1003,0.43105531,0.17762421,0.301738717,-0.9981845363997023,1.0,-0.9981845364160867
1004,0.422860136,0.183354681,0.296002095,-0.998227469917637,1.0,-0.9982274698930432
1005,0.414722676,0.189166815,0.290305873,-0.9982675338346054,1.0,-0.9982675337686632
1006,0.406643743,0.195060032,0.28465062,-0.9983049186859397,0.9999999999999996,-0.9983049187016778
1007,0.398624145,0.201033742,0.279036901,-0.9983397969478185,1.0,-0.9983397971509534
