created_at,entry_id,field1,field2,field3,field4,field5,field6,field7,field8
2025-03-18 06:54:26 UTC,1,6.0,6.0,3.6,5.0,0.0,0.0,0.0,0.0
2025-03-18 06:54:43 UTC,2,6.0,4.0,2.4,3.0,10.0,10.0,10.0,10.0
2025-03-18 06:54:59 UTC,3,6.0,7.0,4.2,6.0,3.0,3.0,3.0,3.0
2025-03-18 06:55:16 UTC,4,9.0,4.0,3.6,5.0,13.0,13.0,13.0,13.0
2025-03-18 06:55:31 UTC,5,4.0,4.0,1.6,3.0,22.0,22.0,22.0,22.0
2025-03-18 06:55:47 UTC,6,6.0,5.0,3.0,8.0,31.0,31.0,31.0,31.0
2025-03-18 06:56:03 UTC,7,3.0,4.0,1.2,7.0,41.0,41.0,41.0,41.0
2025-03-18 06:56:20 UTC,8,4.0,5.0,2.0,3.0,51.0,51.0,51.0,51.0
2025-03-18 06:56:36 UTC,9,7.0,7.0,4.9,5.0,61.0,61.0,61.0,61.0
2025-03-18 06:56:53 UTC,10,6.0,6.0,3.6,6.0,71.0,71.0,71.0,71.0
2025-03-18 06:57:09 UTC,11,5.0,7.0,3.5,5.0,81.0,81.0,81.0,81.0
2025-03-18 06:57:26 UTC,12,7.0,4.0,2.8,5.0,91.0,91.0,91.0,91.0
2025-03-18 06:57:42 UTC,13,9.0,4.0,3.6,5.0,101.0,101.0,101.0,101.0
2025-03-18 06:57:59 UTC,14,6.0,5.0,3.0,3.0,111.0,111.0,111.0,111.0
2025-03-18 06:58:15 UTC,15,8.0,6.0,4.8,4.0,121.0,121.0,121.0,121.0
2025-03-18 06:58:32 UTC,16,8.0,4.0,3.2,4.0,131.0,131.0,131.0,131.0
2025-03-18 06:58:48 UTC,17,7.0,3.0,2.1,5.0,141.0,141.0,141.0,141.0
2025-03-18 06:59:05 UTC,18,5.0,10.0,5.0,6.0,151.0,151.0,151.0,151.0
2025-03-18 06:59:21 UTC,19,5.0,3.0,1.5,3.0,161.0,161.0,161.0,161.0
2025-03-18 06:59:38 UTC,20,6.0,8.0,4.8,4.0,171.0,171.0,171.0,171.0
2025-03-18 06:59:54 UTC,21,2.0,12.0,2.4,6.0,181.0,181.0,181.0,181.0
2025-03-18 07:00:09 UTC,22,9.0,5.0,4.5,5.0,190.0,190.0,190.0,190.0
2025-03-18 07:00:26 UTC,23,6.0,7.0,4.2,5.0,200.0,200.0,200.0,200.0
2025-03-18 07:00:43 UTC,24,4.0,7.0,2.8,4.0,210.0,210.0,210.0,210.0
2025-03-18 07:00:59 UTC,25,9.0,8.0,7.2,4.0,220.0,220.0,220.0,220.0
2025-03-18 07:01:16 UTC,26,6.0,5.0,3.0,4.0,230.0,230.0,230.0,230.0
2025-03-18 07:01:32 UTC,27,3.0,7.0,2.1,6.0,240.0,240.0,240.0,240.0
2025-03-18 07:01:49 UTC,28,2.0,9.0,1.8,7.0,250.0,250.0,250.0,250.0
2025-03-18 07:02:05 UTC,29,6.0,8.0,4.8,6.0,260.0,260.0,260.0,260.0
2025-03-18 07:02:22 UTC,30,8.0,6.0,4.8,5.0,270.0,270.0,270.0,270.0
2025-03-18 07:02:38 UTC,31,8.0,5.0,4.0,6.0,280.0,280.0,280.0,280.0
2025-03-18 07:02:55 UTC,32,7.0,3.0,2.1,6.0,290.0,290.0,290.0,290.0
2025-03-18 07:03:11 UTC,33,8.0,8.0,6.4,5.0,300.0,300.0,300.0,300.0
2025-03-18 07:03:28 UTC,34,4.0,7.0,2.8,8.0,310.0,310.0,310.0,310.0
2025-03-18 07:03:45 UTC,35,3.0,8.0,2.4,4.0,320.0,320.0,320.0,320.0
2025-03-18 07:04:01 UTC,36,4.0,3.0,1.2,6.0,330.0,330.0,330.0,330.0
2025-03-18 07:04:18 UTC,37,7.0,7.0,4.9,4.0,340.0,340.0,340.0,340.0
2025-03-18 07:04:34 UTC,38,3.0,5.0,1.5,9.0,350.0,350.0,350.0,350.0
2025-03-18 07:04:51 UTC,39,6.0,5.0,3.0,3.0,360.0,360.0,360.0,360.0
2025-03-18 07:05:07 UTC,40,7.0,8.0,5.6,6.0,369.0,369.0,369.0,369.0
2025-03-18 07:05:24 UTC,41,8.0,8.0,6.4,3.0,379.0,379.0,379.0,379.0
2025-03-18 07:05:40 UTC,42,6.0,7.0,4.2,6.0,389.0,389.0,389.0,389.0
2025-03-18 07:05:57 UTC,43,8.0,5.0,4.0,5.0,399.0,399.0,399.0,399.0
2025-03-18 07:06:13 UTC,44,7.0,8.0,5.6,6.0,409.0,409.0,409.0,409.0
2025-03-18 07:06:30 UTC,45,4.0,4.0,1.6,7.0,419.0,419.0,419.0,419.0
2025-03-18 07:06:46 UTC,46,5.0,6.0,3.0,7.0,429.0,429.0,429.0,429.0
2025-03-18 07:07:03 UTC,47,6.0,8.0,4.8,9.0,439.0,439.0,439.0,439.0
2025-03-18 07:07:19 UTC,48,4.0,4.0,1.6,8.0,449.0,449.0,449.0,449.0
2025-03-18 07:07:36 UTC,49,4.0,4.0,1.6,7.0,459.0,459.0,459.0,459.0
2025-03-18 07:07:52 UTC,50,8.0,5.0,4.0,3.0,469.0,469.0,469.0,469.0
2025-03-18 07:08:09 UTC,51,6.0,4.0,2.4,8.0,479.0,479.0,479.0,479.0
2025-03-18 07:08:25 UTC,52,6.0,6.0,3.6,7.0,489.0,489.0,489.0,489.0
2025-03-18 07:08:42 UTC,53,6.0,4.0,2.4,7.0,499.0,499.0,499.0,499.0
2025-03-18 07:08:58 UTC,54,3.0,6.0,1.8,5.0,509.0,509.0,509.0,509.0
2025-03-18 07:09:15 UTC,55,7.0,6.0,4.2,4.0,519.0,519.0,519.0,519.0
2025-03-18 07:09:32 UTC,56,8.0,4.0,3.2,4.0,529.0,529.0,529.0,529.0
2025-03-18 07:09:48 UTC,57,4.0,4.0,1.6,8.0,539.0,539.0,539.0,539.0
2025-03-18 07:10:03 UTC,58,6.0,5.0,3.0,7.0,548.0,548.0,548.0,548.0
2025-03-18 07:10:20 UTC,59,5.0,8.0,4.0,6.0,558.0,558.0,558.0,558.0
2025-03-18 07:10:36 UTC,60,3.0,6.0,1.8,6.0,568.0,568.0,568.0,568.0
2025-03-18 07:10:53 UTC,61,7.0,6.0,4.2,5.0,578.0,578.0,578.0,578.0
2025-03-18 07:11:09 UTC,62,10.0,4.0,4.0,7.0,588.0,588.0,588.0,588.0
2025-03-18 07:11:26 UTC,63,4.0,2.0,0.8,7.0,598.0,598.0,598.0,598.0
2025-03-18 07:11:42 UTC,64,5.0,6.0,3.0,9.0,608.0,608.0,608.0,608.0
2025-03-18 07:11:59 UTC,65,5.0,8.0,4.0,4.0,618.0,618.0,618.0,618.0
2025-03-18 07:12:15 UTC,66,7.0,7.0,4.9,8.0,627.0,627.0,627.0,627.0
2025-03-18 07:12:31 UTC,67,8.0,5.0,4.0,6.0,637.0,637.0,637.0,637.0
2025-03-18 07:12:48 UTC,68,3.0,7.0,2.1,7.0,647.0,647.0,647.0,647.0
2025-03-18 07:13:05 UTC,69,9.0,3.0,2.7,4.0,657.0,657.0,657.0,657.0
2025-03-18 07:13:21 UTC,70,3.0,5.0,1.5,7.0,667.0,667.0,667.0,667.0
2025-03-18 07:13:37 UTC,71,3.0,8.0,2.4,8.0,677.0,677.0,677.0,677.0
2025-03-18 07:13:54 UTC,72,4.0,5.0,2.0,5.0,687.0,687.0,687.0,687.0
2025-03-18 07:14:11 UTC,73,9.0,4.0,3.6,5.0,697.0,697.0,697.0,697.0
2025-03-18 07:14:27 UTC,74,5.0,6.0,3.0,6.0,707.0,707.0,707.0,707.0
2025-03-18 07:14:44 UTC,75,6.0,5.0,3.0,6.0,717.0,717.0,717.0,717.0
2025-03-18 07:15:00 UTC,76,6.0,4.0,2.4,10.0,727.0,727.0,727.0,727.0
2025-03-18 07:15:17 UTC,77,4.0,9.0,3.6,9.0,737.0,737.0,737.0,737.0
2025-03-18 07:15:33 UTC,78,4.0,6.0,2.4,4.0,747.0,747.0,747.0,747.0
2025-03-18 07:15:50 UTC,79,9.0,4.0,3.6,5.0,757.0,757.0,757.0,757.0
2025-03-18 07:16:06 UTC,80,4.0,5.0,2.0,3.0,767.0,767.0,767.0,767.0
2025-03-18 07:16:23 UTC,81,7.0,3.0,2.1,5.0,777.0,777.0,777.0,777.0
2025-03-18 07:16:39 UTC,82,9.0,5.0,4.5,7.0,787.0,787.0,787.0,787.0
2025-03-18 07:16:56 UTC,83,6.0,6.0,3.6,7.0,797.0,797.0,797.0,797.0
2025-03-18 07:17:13 UTC,84,5.0,8.0,4.0,6.0,807.0,807.0,807.0,807.0
2025-03-18 07:17:29 UTC,85,4.0,7.0,2.8,4.0,817.0,817.0,817.0,817.0
2025-03-18 07:17:46 UTC,86,5.0,6.0,3.0,6.0,827.0,827.0,827.0,827.0
2025-03-18 07:18:02 UTC,87,5.0,4.0,2.0,6.0,837.0,837.0,837.0,837.0
2025-03-18 07:18:19 UTC,88,7.0,5.0,3.5,3.0,847.0,847.0,847.0,847.0
2025-03-18 07:18:35 UTC,89,8.0,3.0,2.4,8.0,857.0,857.0,857.0,857.0
2025-03-18 07:18:52 UTC,90,5.0,8.0,4.0,4.0,867.0,867.0,867.0,867.0
2025-03-18 07:19:08 UTC,91,7.0,6.0,4.2,6.0,877.0,877.0,877.0,877.0
2025-03-18 07:19:25 UTC,92,5.0,5.0,2.5,9.0,887.0,887.0,887.0,887.0
2025-03-18 07:19:41 UTC,93,7.0,6.0,4.2,10.0,897.0,897.0,897.0,897.0
2025-03-18 07:19:58 UTC,94,9.0,5.0,4.5,4.0,907.0,907.0,907.0,907.0
2025-03-18 07:20:14 UTC,95,8.0,3.0,2.4,5.0,917.0,917.0,917.0,917.0
2025-03-18 07:20:31 UTC,96,5.0,8.0,4.0,6.0,927.0,927.0,927.0,927.0
2025-03-18 07:20:47 UTC,97,6.0,4.0,2.4,8.0,937.0,937.0,937.0,937.0
2025-03-18 07:21:04 UTC,98,3.0,3.0,0.9,4.0,947.0,947.0,947.0,947.0
2025-03-18 07:21:20 UTC,99,4.0,4.0,1.6,6.0,957.0,957.0,957.0,957.0
2025-03-18 07:21:37 UTC,100,4.0,6.0,2.4,5.0,967.0,967.0,967.0,967.0
2025-03-18 07:21:54 UTC,101,5.0,8.0,4.0,5.0,977.0,977.0,977.0,977.0
2025-03-18 07:22:10 UTC,102,7.0,5.0,3.5,7.0,987.0,987.0,987.0,987.0
2025-03-18 07:22:27 UTC,103,5.0,5.0,2.5,5.0,997.0,997.0,997.0,997.0
2025-03-18 07:22:43 UTC,104,5.0,5.0,2.5,6.0,1007.0,1007.0,1007.0,1007.0
2025-03-18 07:23:00 UTC,105,4.0,7.0,2.8,6.0,1017.0,1017.0,1017.0,1017.0
2025-03-18 07:23:16 UTC,106,7.0,6.0,4.2,8.0,1027.0,1027.0,1027.0,1027.0
2025-03-18 07:23:33 UTC,107,6.0,4.0,2.4,4.0,1037.0,1037.0,1037.0,1037.0
2025-03-18 07:23:49 UTC,108,5.0,7.0,3.5,4.0,1047.0,1047.0,1047.0,1047.0
2025-03-18 07:24:06 UTC,109,6.0,6.0,3.6,5.0,1057.0,1057.0,1057.0,1057.0
2025-03-18 07:24:22 UTC,110,5.0,6.0,3.0,4.0,1067.0,1067.0,1067.0,1067.0
2025-03-18 07:24:39 UTC,111,6.0,4.0,2.4,3.0,1077.0,1077.0,1077.0,1077.0
2025-03-18 07:24:55 UTC,112,7.0,5.0,3.5,6.0,1087.0,1087.0,1087.0,1087.0
2025-03-18 07:25:12 UTC,113,4.0,6.0,2.4,6.0,1097.0,1097.0,1097.0,1097.0
2025-03-18 07:25:28 UTC,114,7.0,3.0,2.1,8.0,1107.0,1107.0,1107.0,1107.0
2025-03-18 07:25:45 UTC,115,6.0,4.0,2.4,4.0,1117.0,1117.0,1117.0,1117.0
2025-03-18 07:26:01 UTC,116,5.0,4.0,2.0,6.0,1127.0,1127.0,1127.0,1127.0
2025-03-18 07:26:18 UTC,117,4.0,6.0,2.4,4.0,1137.0,1137.0,1137.0,1137.0
2025-03-18 07:26:34 UTC,118,8.0,6.0,4.8,4.0,1147.0,1147.0,1147.0,1147.0
2025-03-18 07:26:51 UTC,119,5.0,4.0,2.0,5.0,1157.0,1157.0,1157.0,1157.0
2025-03-18 07:27:07 UTC,120,6.0,6.0,3.6,4.0,1167.0,1167.0,1167.0,1167.0
2025-03-18 07:27:24 UTC,121,6.0,5.0,3.0,3.0,1177.0,1177.0,1177.0,1177.0
2025-03-18 07:27:41 UTC,122,4.0,4.0,1.6,4.0,1187.0,1187.0,1187.0,1187.0
2025-03-18 07:27:57 UTC,123,4.0,3.0,1.2,5.0,1197.0,1197.0,1197.0,1197.0
2025-03-18 07:28:14 UTC,124,7.0,4.0,2.8,4.0,1207.0,1207.0,1207.0,1207.0
2025-03-18 07:28:30 UTC,125,6.0,4.0,2.4,4.0,1217.0,1217.0,1217.0,1217.0
2025-03-18 07:28:47 UTC,126,5.0,4.0,2.0,3.0,1227.0,1227.0,1227.0,1227.0
2025-03-18 07:29:03 UTC,127,4.0,4.0,1.6,4.0,1237.0,1237.0,1237.0,1237.0
2025-03-18 07:29:20 UTC,128,5.0,4.0,2.0,4.0,1247.0,1247.0,1247.0,1247.0
2025-03-18 07:29:36 UTC,129,5.0,4.0,2.0,5.0,1257.0,1257.0,1257.0,1257.0
2025-03-18 07:29:53 UTC,130,5.0,3.0,1.5,5.0,1267.0,1267.0,1267.0,1267.0
2025-03-18 07:30:09 UTC,131,6.0,6.0,3.6,7.0,1277.0,1277.0,1277.0,1277.0
2025-03-18 07:30:26 UTC,132,3.0,4.0,1.2,6.0,1287.0,1287.0,1287.0,1287.0
2025-03-18 07:30:42 UTC,133,7.0,6.0,4.2,4.0,1297.0,1297.0,1297.0,1297.0
2025-03-18 07:30:59 UTC,134,5.0,4.0,2.0,4.0,1307.0,1307.0,1307.0,1307.0
2025-03-18 07:31:15 UTC,135,6.0,5.0,3.0,7.0,1317.0,1317.0,1317.0,1317.0
2025-03-18 07:31:32 UTC,136,6.0,4.0,2.4,5.0,1327.0,1327.0,1327.0,1327.0
2025-03-18 07:31:48 UTC,137,4.0,6.0,2.4,6.0,1337.0,1337.0,1337.0,1337.0
2025-03-18 07:32:05 UTC,138,5.0,5.0,2.5,4.0,1347.0,1347.0,1347.0,1347.0
2025-03-18 07:32:22 UTC,139,4.0,4.0,1.6,4.0,1357.0,1357.0,1357.0,1357.0
2025-03-18 07:32:38 UTC,140,5.0,5.0,2.5,4.0,1367.0,1367.0,1367.0,1367.0
2025-03-18 07:32:55 UTC,141,5.0,4.0,2.0,4.0,1377.0,1377.0,1377.0,1377.0
2025-03-18 07:33:11 UTC,142,4.0,5.0,2.0,4.0,1387.0,1387.0,1387.0,1387.0
2025-03-18 07:33:26 UTC,143,4.0,5.0,2.0,4.0,1396.0,1396.0,1396.0,1396.0
2025-03-18 07:33:43 UTC,144,4.0,4.0,1.6,4.0,1406.0,1406.0,1406.0,1406.0
2025-03-18 07:33:59 UTC,145,4.0,5.0,2.0,4.0,1416.0,1416.0,1416.0,1416.0
2025-03-18 07:34:16 UTC,146,4.0,4.0,1.6,4.0,1426.0,1426.0,1426.0,1426.0
2025-03-18 07:34:33 UTC,147,4.0,5.0,2.0,4.0,1436.0,1436.0,1436.0,1436.0
2025-03-18 07:34:49 UTC,148,4.0,4.0,1.6,4.0,1446.0,1446.0,1446.0,1446.0
2025-03-18 07:35:06 UTC,149,5.0,5.0,2.5,4.0,1456.0,1456.0,1456.0,1456.0
2025-03-18 07:35:22 UTC,150,4.0,4.0,1.6,4.0,1466.0,1466.0,1466.0,1466.0
2025-03-18 07:35:39 UTC,151,5.0,4.0,2.0,5.0,1476.0,1476.0,1476.0,1476.0
2025-03-18 07:35:55 UTC,152,4.0,4.0,1.6,3.0,1486.0,1486.0,1486.0,1486.0
2025-03-18 07:36:12 UTC,153,4.0,4.0,1.6,4.0,1496.0,1496.0,1496.0,1496.0
2025-03-18 07:36:27 UTC,154,4.0,4.0,1.6,4.0,1505.0,1505.0,1505.0,1505.0
2025-03-18 07:36:43 UTC,155,4.0,4.0,1.6,4.0,1515.0,1515.0,1515.0,1515.0
2025-03-18 07:37:00 UTC,156,5.0,5.0,2.5,4.0,1525.0,1525.0,1525.0,1525.0
2025-03-18 07:37:16 UTC,157,5.0,4.0,2.0,4.0,1535.0,1535.0,1535.0,1535.0
2025-03-18 07:37:33 UTC,158,4.0,5.0,2.0,4.0,1545.0,1545.0,1545.0,1545.0
2025-03-18 07:37:50 UTC,159,4.0,4.0,1.6,4.0,1555.0,1555.0,1555.0,1555.0
2025-03-18 07:38:06 UTC,160,5.0,4.0,2.0,4.0,1565.0,1565.0,1565.0,1565.0
2025-03-18 07:38:23 UTC,161,4.0,5.0,2.0,4.0,1575.0,1575.0,1575.0,1575.0
2025-03-18 07:38:39 UTC,162,4.0,4.0,1.6,4.0,1585.0,1585.0,1585.0,1585.0
2025-03-18 07:38:56 UTC,163,5.0,5.0,2.5,4.0,1595.0,1595.0,1595.0,1595.0
2025-03-18 07:39:12 UTC,164,5.0,5.0,2.5,4.0,1605.0,1605.0,1605.0,1605.0
2025-03-18 07:39:29 UTC,165,4.0,4.0,1.6,4.0,1615.0,1615.0,1615.0,1615.0
2025-03-18 07:39:45 UTC,166,4.0,4.0,1.6,3.0,1625.0,1625.0,1625.0,1625.0
2025-03-18 07:40:02 UTC,167,5.0,4.0,2.0,4.0,1635.0,1635.0,1635.0,1635.0
2025-03-18 07:40:18 UTC,168,4.0,4.0,1.6,4.0,1645.0,1645.0,1645.0,1645.0
2025-03-18 07:40:35 UTC,169,5.0,4.0,2.0,5.0,1655.0,1655.0,1655.0,1655.0
2025-03-18 07:40:51 UTC,170,4.0,4.0,1.6,4.0,1665.0,1665.0,1665.0,1665.0
2025-03-18 07:41:08 UTC,171,4.0,4.0,1.6,4.0,1675.0,1675.0,1675.0,1675.0
2025-03-18 07:41:24 UTC,172,4.0,4.0,1.6,4.0,1685.0,1685.0,1685.0,1685.0
2025-03-18 07:41:41 UTC,173,5.0,5.0,2.5,4.0,1695.0,1695.0,1695.0,1695.0
2025-03-18 07:41:57 UTC,174,5.0,4.0,2.0,4.0,1705.0,1705.0,1705.0,1705.0
2025-03-18 07:42:14 UTC,175,4.0,4.0,1.6,4.0,1715.0,1715.0,1715.0,1715.0
2025-03-18 07:42:31 UTC,176,5.0,4.0,2.0,4.0,1725.0,1725.0,1725.0,1725.0
2025-03-18 07:42:47 UTC,177,12.0,10.0,12.0,10.0,1733.0,1733.0,1733.0,1733.0
2025-03-18 07:43:03 UTC,178,4.0,5.0,2.0,4.0,1743.0,1743.0,1743.0,1743.0
2025-03-18 07:43:20 UTC,179,4.0,4.0,1.6,4.0,1753.0,1753.0,1753.0,1753.0
2025-03-18 07:43:36 UTC,180,5.0,4.0,2.0,4.0,1763.0,1763.0,1763.0,1763.0
2025-03-18 07:43:53 UTC,181,5.0,4.0,2.0,4.0,1771.0,1771.0,1771.0,1771.0
2025-03-18 07:44:09 UTC,182,5.0,5.0,2.5,5.0,1781.0,1781.0,1781.0,1781.0
2025-03-18 07:44:26 UTC,183,5.0,5.0,2.5,4.0,1791.0,1791.0,1791.0,1791.0
2025-03-18 07:44:42 UTC,184,5.0,5.0,2.5,4.0,1801.0,1801.0,1801.0,1801.0
2025-03-18 07:44:59 UTC,185,5.0,5.0,2.5,4.0,1811.0,1811.0,1811.0,1811.0
2025-03-18 07:45:15 UTC,186,5.0,5.0,2.5,4.0,1821.0,1821.0,1821.0,1821.0
2025-03-18 07:45:32 UTC,187,5.0,4.0,2.0,4.0,1831.0,1831.0,1831.0,1831.0
2025-03-18 07:45:49 UTC,188,4.0,4.0,1.6,4.0,1841.0,1841.0,1841.0,1841.0
2025-03-18 07:46:05 UTC,189,5.0,5.0,2.5,4.0,1851.0,1851.0,1851.0,1851.0
2025-03-18 07:46:22 UTC,190,4.0,5.0,2.0,4.0,1861.0,1861.0,1861.0,1861.0
2025-03-18 07:46:38 UTC,191,5.0,4.0,2.0,4.0,1871.0,1871.0,1871.0,1871.0
2025-03-18 07:46:55 UTC,192,4.0,4.0,1.6,4.0,1881.0,1881.0,1881.0,1881.0
2025-03-18 07:47:11 UTC,193,4.0,4.0,1.6,4.0,1891.0,1891.0,1891.0,1891.0
2025-03-18 07:47:27 UTC,194,4.0,4.0,1.6,4.0,1899.0,1899.0,1899.0,1899.0
2025-03-18 07:47:42 UTC,195,4.0,4.0,1.6,4.0,1908.0,1908.0,1908.0,1908.0
2025-03-18 07:47:59 UTC,196,5.0,5.0,2.5,5.0,1918.0,1918.0,1918.0,1918.0
2025-03-18 07:48:15 UTC,197,5.0,5.0,2.5,4.0,1928.0,1928.0,1928.0,1928.0
2025-03-18 07:48:32 UTC,198,4.0,5.0,2.0,4.0,1938.0,1938.0,1938.0,1938.0
2025-03-18 07:48:48 UTC,199,4.0,5.0,2.0,4.0,1948.0,1948.0,1948.0,1948.0
2025-03-18 07:49:05 UTC,200,4.0,4.0,1.6,4.0,1958.0,1958.0,1958.0,1958.0
2025-03-18 07:49:21 UTC,201,5.0,4.0,2.0,5.0,1968.0,1968.0,1968.0,1968.0
2025-03-18 07:49:38 UTC,202,5.0,4.0,2.0,4.0,1978.0,1978.0,1978.0,1978.0
2025-03-18 07:49:54 UTC,203,5.0,4.0,2.0,4.0,1988.0,1988.0,1988.0,1988.0
2025-03-18 07:50:11 UTC,204,4.0,4.0,1.6,4.0,1998.0,1998.0,1998.0,1998.0
2025-03-18 07:50:27 UTC,205,4.0,4.0,1.6,5.0,2008.0,2008.0,2008.0,2008.0
2025-03-18 07:50:44 UTC,206,4.0,4.0,1.6,4.0,2018.0,2018.0,2018.0,2018.0
2025-03-18 07:51:01 UTC,207,4.0,5.0,2.0,4.0,2028.0,2028.0,2028.0,2028.0
2025-03-18 07:51:18 UTC,208,4.0,3.0,1.2,4.0,2038.0,2038.0,2038.0,2038.0
2025-03-18 07:51:34 UTC,209,5.0,5.0,2.5,5.0,2046.0,2046.0,2046.0,2046.0
2025-03-18 07:51:51 UTC,210,4.0,5.0,2.0,4.0,2056.0,2056.0,2056.0,2056.0
2025-03-18 07:52:08 UTC,211,5.0,4.0,2.0,4.0,2066.0,2066.0,2066.0,2066.0
2025-03-18 07:52:24 UTC,212,5.0,4.0,2.0,3.0,2076.0,2076.0,2076.0,2076.0
2025-03-18 07:52:40 UTC,213,4.0,4.0,1.6,4.0,2085.0,2085.0,2085.0,2085.0
2025-03-18 07:52:56 UTC,214,5.0,4.0,2.0,4.0,2095.0,2095.0,2095.0,2095.0
2025-03-18 07:53:13 UTC,215,4.0,4.0,1.6,4.0,2105.0,2105.0,2105.0,2105.0
2025-03-18 07:53:29 UTC,216,4.0,4.0,1.6,4.0,2115.0,2115.0,2115.0,2115.0
2025-03-18 07:53:46 UTC,217,4.0,4.0,1.6,4.0,2125.0,2125.0,2125.0,2125.0
2025-03-18 07:54:03 UTC,218,5.0,5.0,2.5,4.0,2135.0,2135.0,2135.0,2135.0
2025-03-18 07:54:19 UTC,219,5.0,4.0,2.0,5.0,2145.0,2145.0,2145.0,2145.0
2025-03-18 08:47:05 UTC,220,4.0,4.0,1.6,6.0,0.0,0.0,0.0,0.0
2025-03-18 08:47:25 UTC,221,6.0,6.0,3.6,4.0,0.0,0.0,0.0,0.0
2025-03-18 08:47:42 UTC,222,5.0,3.0,1.5,8.0,10.0,10.0,10.0,10.0
2025-03-18 08:47:59 UTC,223,3.0,8.0,2.4,3.0,20.0,20.0,20.0,20.0
2025-03-18 08:48:15 UTC,224,6.0,5.0,3.0,6.0,30.0,30.0,30.0,30.0
2025-03-18 08:48:32 UTC,225,7.0,5.0,3.5,3.0,40.0,40.0,40.0,40.0
2025-03-18 08:48:48 UTC,226,5.0,6.0,3.0,7.0,50.0,50.0,50.0,50.0
2025-03-18 08:49:05 UTC,227,3.0,6.0,1.8,5.0,60.0,60.0,60.0,60.0
2025-03-18 08:49:21 UTC,228,8.0,8.0,6.4,4.0,70.0,70.0,70.0,70.0
2025-03-18 08:49:38 UTC,229,6.0,4.0,2.4,3.0,80.0,80.0,80.0,80.0
2025-03-18 08:49:54 UTC,230,8.0,6.0,4.8,3.0,90.0,90.0,90.0,90.0
2025-03-18 08:50:10 UTC,231,3.0,7.0,2.1,4.0,99.0,99.0,99.0,99.0
2025-03-18 08:50:29 UTC,232,3.0,5.0,1.5,5.0,107.0,107.0,107.0,107.0
2025-03-18 08:50:45 UTC,233,4.0,3.0,1.2,8.0,114.0,114.0,114.0,114.0
2025-03-18 08:51:01 UTC,234,5.0,5.0,2.5,5.0,124.0,124.0,124.0,124.0
2025-03-18 08:51:18 UTC,235,3.0,3.0,0.9,9.0,134.0,134.0,134.0,134.0
2025-03-18 08:51:34 UTC,236,6.0,4.0,2.4,2.0,144.0,144.0,144.0,144.0
2025-03-18 08:51:51 UTC,237,3.0,4.0,1.2,7.0,154.0,154.0,154.0,154.0
2025-03-18 08:52:07 UTC,238,3.0,7.0,2.1,3.0,164.0,164.0,164.0,164.0
2025-03-18 08:52:24 UTC,239,5.0,5.0,2.5,7.0,174.0,174.0,174.0,174.0
2025-03-18 08:52:40 UTC,240,3.0,8.0,2.4,7.0,184.0,184.0,184.0,184.0
2025-03-18 08:52:57 UTC,241,9.0,5.0,4.5,3.0,194.0,194.0,194.0,194.0
2025-03-18 08:53:13 UTC,242,4.0,6.0,2.4,6.0,204.0,204.0,204.0,204.0
2025-03-18 08:53:30 UTC,243,9.0,3.0,2.7,3.0,214.0,214.0,214.0,214.0
2025-03-18 08:53:46 UTC,244,9.0,4.0,3.6,5.0,224.0,224.0,224.0,224.0
2025-03-18 08:54:03 UTC,245,6.0,4.0,2.4,6.0,234.0,234.0,234.0,234.0
2025-03-18 08:54:19 UTC,246,3.0,8.0,2.4,3.0,244.0,244.0,244.0,244.0
2025-03-18 08:54:36 UTC,247,8.0,5.0,4.0,6.0,254.0,254.0,254.0,254.0
2025-03-18 08:54:52 UTC,248,4.0,8.0,3.2,8.0,264.0,264.0,264.0,264.0
2025-03-18 08:55:09 UTC,249,7.0,5.0,3.5,4.0,274.0,274.0,274.0,274.0
2025-03-18 08:55:25 UTC,250,6.0,5.0,3.0,5.0,284.0,284.0,284.0,284.0
2025-03-18 08:55:42 UTC,251,6.0,6.0,3.6,5.0,294.0,294.0,294.0,294.0
2025-03-18 08:55:58 UTC,252,3.0,6.0,1.8,5.0,304.0,304.0,304.0,304.0
2025-03-18 08:56:15 UTC,253,8.0,3.0,2.4,4.0,314.0,314.0,314.0,314.0
2025-03-18 08:56:31 UTC,254,4.0,7.0,2.8,8.0,324.0,324.0,324.0,324.0
2025-03-18 08:56:46 UTC,255,6.0,7.0,4.2,5.0,333.0,333.0,333.0,333.0
2025-03-18 08:57:02 UTC,256,6.0,8.0,4.8,8.0,343.0,343.0,343.0,343.0
2025-03-18 08:57:19 UTC,257,3.0,3.0,0.9,7.0,353.0,353.0,353.0,353.0
2025-03-18 08:57:36 UTC,258,4.0,5.0,2.0,6.0,363.0,363.0,363.0,363.0
2025-03-18 08:57:52 UTC,259,6.0,4.0,2.4,8.0,373.0,373.0,373.0,373.0
2025-03-18 08:58:09 UTC,260,5.0,6.0,3.0,5.0,383.0,383.0,383.0,383.0
2025-03-18 08:58:25 UTC,261,5.0,4.0,2.0,6.0,393.0,393.0,393.0,393.0
2025-03-18 08:58:42 UTC,262,5.0,5.0,2.5,5.0,403.0,403.0,403.0,403.0
2025-03-18 08:58:58 UTC,263,7.0,5.0,3.5,6.0,413.0,413.0,413.0,413.0
2025-03-18 08:59:15 UTC,264,8.0,4.0,3.2,7.0,423.0,423.0,423.0,423.0
2025-03-18 08:59:31 UTC,265,5.0,7.0,3.5,5.0,433.0,433.0,433.0,433.0
2025-03-18 08:59:48 UTC,266,5.0,7.0,3.5,8.0,443.0,443.0,443.0,443.0
2025-03-18 09:00:04 UTC,267,6.0,6.0,3.6,5.0,453.0,453.0,453.0,453.0
2025-03-18 09:00:21 UTC,268,5.0,5.0,2.5,6.0,463.0,463.0,463.0,463.0
2025-03-18 09:00:37 UTC,269,5.0,8.0,4.0,7.0,473.0,473.0,473.0,473.0
2025-03-18 09:00:54 UTC,270,6.0,3.0,1.8,8.0,483.0,483.0,483.0,483.0
2025-03-18 09:01:10 UTC,271,7.0,6.0,4.2,8.0,493.0,493.0,493.0,493.0
2025-03-18 09:01:27 UTC,272,2.0,9.0,1.8,2.0,503.0,503.0,503.0,503.0
2025-03-18 09:01:43 UTC,273,6.0,3.0,1.8,2.0,513.0,513.0,513.0,513.0
2025-03-18 09:02:00 UTC,274,7.0,4.0,2.8,2.0,523.0,523.0,523.0,523.0
2025-03-18 09:02:17 UTC,275,4.0,5.0,2.0,6.0,533.0,533.0,533.0,533.0
2025-03-18 09:02:33 UTC,276,6.0,4.0,2.4,5.0,543.0,543.0,543.0,543.0
2025-03-18 09:02:50 UTC,277,7.0,4.0,2.8,5.0,553.0,553.0,553.0,553.0
2025-03-18 09:03:06 UTC,278,6.0,6.0,3.6,4.0,563.0,563.0,563.0,563.0
2025-03-18 09:03:23 UTC,279,6.0,4.0,2.4,4.0,573.0,573.0,573.0,573.0
2025-03-18 09:03:39 UTC,280,10.0,6.0,6.0,5.0,583.0,583.0,583.0,583.0
2025-03-18 09:03:56 UTC,281,7.0,4.0,2.8,6.0,593.0,593.0,593.0,593.0
2025-03-18 09:04:12 UTC,282,9.0,9.0,8.1,3.0,603.0,603.0,603.0,603.0
2025-03-18 09:04:29 UTC,283,4.0,4.0,1.6,9.0,613.0,613.0,613.0,613.0
2025-03-18 09:04:45 UTC,284,8.0,6.0,4.8,4.0,623.0,623.0,623.0,623.0
2025-03-18 09:05:02 UTC,285,8.0,4.0,3.2,7.0,633.0,633.0,633.0,633.0
2025-03-18 09:05:18 UTC,286,6.0,8.0,4.8,9.0,643.0,643.0,643.0,643.0
2025-03-18 09:05:35 UTC,287,5.0,3.0,1.5,7.0,653.0,653.0,653.0,653.0
2025-03-18 09:05:51 UTC,288,8.0,4.0,3.2,7.0,663.0,663.0,663.0,663.0
2025-03-18 09:06:08 UTC,289,5.0,5.0,2.5,9.0,673.0,673.0,673.0,673.0
2025-03-18 09:06:24 UTC,290,8.0,8.0,6.4,4.0,683.0,683.0,683.0,683.0
2025-03-18 09:06:41 UTC,291,6.0,8.0,4.8,4.0,693.0,693.0,693.0,693.0
2025-03-18 09:06:57 UTC,292,3.0,7.0,2.1,3.0,703.0,703.0,703.0,703.0
2025-03-18 09:07:14 UTC,293,8.0,6.0,4.8,4.0,713.0,713.0,713.0,713.0
2025-03-18 09:07:30 UTC,294,7.0,5.0,3.5,6.0,723.0,723.0,723.0,723.0
2025-03-18 09:07:47 UTC,295,8.0,5.0,4.0,6.0,733.0,733.0,733.0,733.0
2025-03-18 09:08:03 UTC,296,8.0,7.0,5.6,4.0,743.0,743.0,743.0,743.0
2025-03-18 09:08:20 UTC,297,8.0,6.0,4.8,6.0,753.0,753.0,753.0,753.0
2025-03-18 09:08:36 UTC,298,3.0,5.0,1.5,4.0,763.0,763.0,763.0,763.0
2025-03-18 09:08:53 UTC,299,6.0,7.0,4.2,6.0,773.0,773.0,773.0,773.0
2025-03-18 09:09:10 UTC,300,8.0,6.0,4.8,3.0,783.0,783.0,783.0,783.0
2025-03-18 09:09:26 UTC,301,3.0,7.0,2.1,7.0,793.0,793.0,793.0,793.0
2025-03-18 09:09:42 UTC,302,7.0,4.0,2.8,3.0,803.0,803.0,803.0,803.0
2025-03-18 09:09:59 UTC,303,6.0,4.0,2.4,5.0,813.0,813.0,813.0,813.0
2025-03-18 09:10:14 UTC,304,6.0,5.0,3.0,7.0,822.0,822.0,822.0,822.0
2025-03-18 09:10:31 UTC,305,3.0,7.0,2.1,5.0,832.0,832.0,832.0,832.0
2025-03-18 09:10:47 UTC,306,5.0,6.0,3.0,8.0,842.0,842.0,842.0,842.0
2025-03-18 09:11:04 UTC,307,4.0,4.0,1.6,6.0,852.0,852.0,852.0,852.0
2025-03-18 09:11:20 UTC,308,10.0,5.0,5.0,6.0,862.0,862.0,862.0,862.0
2025-03-18 09:11:37 UTC,309,3.0,8.0,2.4,7.0,872.0,872.0,872.0,872.0
2025-03-18 09:11:53 UTC,310,8.0,4.0,3.2,6.0,882.0,882.0,882.0,882.0
2025-03-18 09:12:10 UTC,311,7.0,4.0,2.8,3.0,892.0,892.0,892.0,892.0
2025-03-18 09:12:26 UTC,312,4.0,5.0,2.0,7.0,902.0,902.0,902.0,902.0
2025-03-18 09:12:43 UTC,313,6.0,7.0,4.2,4.0,912.0,912.0,912.0,912.0
2025-03-18 09:12:59 UTC,314,5.0,4.0,2.0,5.0,922.0,922.0,922.0,922.0
2025-03-18 09:13:16 UTC,315,6.0,3.0,1.8,8.0,932.0,932.0,932.0,932.0
2025-03-18 09:13:33 UTC,316,9.0,3.0,2.7,4.0,942.0,942.0,942.0,942.0
2025-03-18 09:13:49 UTC,317,3.0,5.0,1.5,6.0,952.0,952.0,952.0,952.0
2025-03-18 09:14:06 UTC,318,6.0,6.0,3.6,5.0,962.0,962.0,962.0,962.0
2025-03-18 09:14:22 UTC,319,6.0,6.0,3.6,6.0,972.0,972.0,972.0,972.0
2025-03-18 09:14:39 UTC,320,6.0,4.0,2.4,7.0,982.0,982.0,982.0,982.0
2025-03-18 09:14:55 UTC,321,3.0,6.0,1.8,7.0,992.0,992.0,992.0,992.0
2025-03-18 09:15:12 UTC,322,6.0,6.0,3.6,6.0,1002.0,1002.0,1002.0,1002.0
2025-03-18 09:15:28 UTC,323,10.0,5.0,5.0,5.0,1012.0,1012.0,1012.0,1012.0
2025-03-18 09:15:45 UTC,324,9.0,5.0,4.5,5.0,1022.0,1022.0,1022.0,1022.0
2025-03-18 09:16:01 UTC,325,6.0,9.0,5.4,4.0,1032.0,1032.0,1032.0,1032.0
2025-03-18 09:16:18 UTC,326,6.0,4.0,2.4,6.0,1042.0,1042.0,1042.0,1042.0
2025-03-18 09:16:34 UTC,327,5.0,7.0,3.5,3.0,1052.0,1052.0,1052.0,1052.0
2025-03-18 09:16:51 UTC,328,3.0,6.0,1.8,5.0,1062.0,1062.0,1062.0,1062.0
2025-03-18 09:17:07 UTC,329,6.0,7.0,4.2,5.0,1072.0,1072.0,1072.0,1072.0
2025-03-18 09:17:24 UTC,330,8.0,7.0,5.6,5.0,1082.0,1082.0,1082.0,1082.0
2025-03-18 09:17:41 UTC,331,3.0,9.0,2.7,6.0,1092.0,1092.0,1092.0,1092.0
2025-03-18 09:17:57 UTC,332,6.0,4.0,2.4,8.0,1102.0,1102.0,1102.0,1102.0
2025-03-18 09:18:14 UTC,333,7.0,4.0,2.8,4.0,1112.0,1112.0,1112.0,1112.0
2025-03-18 09:18:30 UTC,334,4.0,7.0,2.8,6.0,1122.0,1122.0,1122.0,1122.0
2025-03-18 09:18:45 UTC,335,7.0,8.0,5.6,4.0,1131.0,1131.0,1131.0,1131.0
2025-03-18 09:19:00 UTC,336,6.0,7.0,4.2,4.0,1140.0,1140.0,1140.0,1140.0
2025-03-18 09:19:17 UTC,337,6.0,5.0,3.0,6.0,1150.0,1150.0,1150.0,1150.0
2025-03-18 09:19:33 UTC,338,8.0,8.0,6.4,2.0,1160.0,1160.0,1160.0,1160.0
2025-03-18 09:19:50 UTC,339,6.0,7.0,4.2,4.0,1170.0,1170.0,1170.0,1170.0
2025-03-18 09:20:06 UTC,340,5.0,6.0,3.0,7.0,1180.0,1180.0,1180.0,1180.0
2025-03-18 09:20:23 UTC,341,5.0,3.0,1.5,6.0,1190.0,1190.0,1190.0,1190.0
2025-03-18 09:20:39 UTC,342,5.0,4.0,2.0,4.0,1200.0,1200.0,1200.0,1200.0
2025-03-18 09:20:56 UTC,343,5.0,4.0,2.0,3.0,1210.0,1210.0,1210.0,1210.0
2025-03-18 09:21:11 UTC,344,4.0,5.0,2.0,6.0,1219.0,1219.0,1219.0,1219.0
2025-03-18 09:21:27 UTC,345,5.0,3.0,1.5,5.0,1229.0,1229.0,1229.0,1229.0
2025-03-18 09:21:44 UTC,346,5.0,5.0,2.5,5.0,1239.0,1239.0,1239.0,1239.0
2025-03-18 09:22:01 UTC,347,3.0,4.0,1.2,5.0,1249.0,1249.0,1249.0,1249.0
2025-03-18 09:22:17 UTC,348,4.0,7.0,2.8,4.0,1259.0,1259.0,1259.0,1259.0
2025-03-18 09:22:34 UTC,349,4.0,7.0,2.8,4.0,1269.0,1269.0,1269.0,1269.0
2025-03-18 09:22:50 UTC,350,3.0,5.0,1.5,5.0,1279.0,1279.0,1279.0,1279.0
2025-03-18 09:23:07 UTC,351,7.0,6.0,4.2,3.0,1289.0,1289.0,1289.0,1289.0
2025-03-18 09:23:23 UTC,352,4.0,8.0,3.2,7.0,1299.0,1299.0,1299.0,1299.0
2025-03-18 09:23:40 UTC,353,5.0,5.0,2.5,4.0,1309.0,1309.0,1309.0,1309.0
2025-03-18 09:23:56 UTC,354,8.0,4.0,3.2,3.0,1319.0,1319.0,1319.0,1319.0
2025-03-18 09:24:13 UTC,355,6.0,6.0,3.6,9.0,1329.0,1329.0,1329.0,1329.0
2025-03-18 09:24:30 UTC,356,6.0,8.0,4.8,4.0,1339.0,1339.0,1339.0,1339.0
2025-03-18 09:24:46 UTC,357,7.0,6.0,4.2,4.0,1349.0,1349.0,1349.0,1349.0
2025-03-18 09:25:03 UTC,358,5.0,8.0,4.0,3.0,1359.0,1359.0,1359.0,1359.0
2025-03-18 09:25:19 UTC,359,6.0,3.0,1.8,5.0,1369.0,1369.0,1369.0,1369.0
2025-03-18 09:25:36 UTC,360,6.0,7.0,4.2,6.0,1379.0,1379.0,1379.0,1379.0
2025-03-18 09:25:52 UTC,361,7.0,5.0,3.5,4.0,1389.0,1389.0,1389.0,1389.0
2025-03-18 09:26:09 UTC,362,5.0,4.0,2.0,3.0,1399.0,1399.0,1399.0,1399.0
2025-03-18 09:26:26 UTC,363,7.0,6.0,4.2,6.0,1409.0,1409.0,1409.0,1409.0
2025-03-18 09:26:42 UTC,364,5.0,5.0,2.5,5.0,1419.0,1419.0,1419.0,1419.0
2025-03-18 09:26:59 UTC,365,6.0,8.0,4.8,5.0,1429.0,1429.0,1429.0,1429.0
2025-03-18 09:27:15 UTC,366,5.0,4.0,2.0,5.0,1439.0,1439.0,1439.0,1439.0
2025-03-18 09:27:32 UTC,367,6.0,6.0,3.6,7.0,1449.0,1449.0,1449.0,1449.0
2025-03-18 09:27:48 UTC,368,7.0,6.0,4.2,4.0,1459.0,1459.0,1459.0,1459.0
2025-03-18 09:28:05 UTC,369,5.0,5.0,2.5,5.0,1469.0,1469.0,1469.0,1469.0
2025-03-18 09:28:21 UTC,370,5.0,5.0,2.5,5.0,1479.0,1479.0,1479.0,1479.0
2025-03-18 09:28:38 UTC,371,3.0,5.0,1.5,3.0,1489.0,1489.0,1489.0,1489.0
2025-03-18 09:28:54 UTC,372,3.0,4.0,1.2,6.0,1499.0,1499.0,1499.0,1499.0
2025-03-18 09:29:11 UTC,373,7.0,5.0,3.5,5.0,1509.0,1509.0,1509.0,1509.0
2025-03-18 09:29:28 UTC,374,6.0,7.0,4.2,4.0,1519.0,1519.0,1519.0,1519.0
2025-03-18 09:29:44 UTC,375,5.0,4.0,2.0,6.0,1529.0,1529.0,1529.0,1529.0
2025-03-18 09:30:01 UTC,376,4.0,5.0,2.0,6.0,1539.0,1539.0,1539.0,1539.0
2025-03-18 09:30:17 UTC,377,6.0,4.0,2.4,6.0,1549.0,1549.0,1549.0,1549.0
2025-03-18 09:30:34 UTC,378,4.0,8.0,3.2,6.0,1559.0,1559.0,1559.0,1559.0
2025-03-18 09:30:50 UTC,379,3.0,7.0,2.1,4.0,1569.0,1569.0,1569.0,1569.0
2025-03-18 09:31:07 UTC,380,6.0,4.0,2.4,4.0,1579.0,1579.0,1579.0,1579.0
2025-03-18 09:31:23 UTC,381,4.0,6.0,2.4,5.0,1589.0,1589.0,1589.0,1589.0
2025-03-18 09:31:40 UTC,382,6.0,5.0,3.0,9.0,1599.0,1599.0,1599.0,1599.0
2025-03-18 09:31:56 UTC,383,6.0,5.0,3.0,3.0,1609.0,1609.0,1609.0,1609.0
2025-03-18 09:32:13 UTC,384,7.0,6.0,4.2,5.0,1619.0,1619.0,1619.0,1619.0
2025-03-18 09:32:29 UTC,385,6.0,5.0,3.0,3.0,1629.0,1629.0,1629.0,1629.0
2025-03-18 09:32:46 UTC,386,4.0,9.0,3.6,4.0,1639.0,1639.0,1639.0,1639.0
2025-03-18 09:33:03 UTC,387,4.0,3.0,1.2,7.0,1649.0,1649.0,1649.0,1649.0
2025-03-18 09:33:19 UTC,388,5.0,4.0,2.0,6.0,1659.0,1659.0,1659.0,1659.0
2025-03-18 09:33:36 UTC,389,8.0,4.0,3.2,5.0,1669.0,1669.0,1669.0,1669.0
2025-03-18 09:33:52 UTC,390,8.0,3.0,2.4,3.0,1679.0,1679.0,1679.0,1679.0
2025-03-18 09:34:09 UTC,391,5.0,3.0,1.5,5.0,1689.0,1689.0,1689.0,1689.0
2025-03-18 09:34:25 UTC,392,5.0,3.0,1.5,8.0,1699.0,1699.0,1699.0,1699.0
2025-03-18 09:34:42 UTC,393,7.0,5.0,3.5,7.0,1709.0,1709.0,1709.0,1709.0
2025-03-18 09:34:58 UTC,394,7.0,4.0,2.8,5.0,1719.0,1719.0,1719.0,1719.0
2025-03-18 09:35:15 UTC,395,8.0,5.0,4.0,5.0,1729.0,1729.0,1729.0,1729.0
2025-03-18 09:35:32 UTC,396,4.0,4.0,1.6,6.0,1739.0,1739.0,1739.0,1739.0
2025-03-18 09:35:48 UTC,397,5.0,7.0,3.5,5.0,1749.0,1749.0,1749.0,1749.0
2025-03-18 09:36:05 UTC,398,7.0,7.0,4.9,6.0,1759.0,1759.0,1759.0,1759.0
2025-03-18 09:36:21 UTC,399,4.0,8.0,3.2,5.0,1769.0,1769.0,1769.0,1769.0
2025-03-18 09:36:38 UTC,400,6.0,4.0,2.4,5.0,1779.0,1779.0,1779.0,1779.0
2025-03-18 09:36:54 UTC,401,5.0,7.0,3.5,4.0,1789.0,1789.0,1789.0,1789.0
2025-03-18 09:37:11 UTC,402,8.0,3.0,2.4,3.0,1799.0,1799.0,1799.0,1799.0
2025-03-18 09:37:27 UTC,403,5.0,4.0,2.0,5.0,1809.0,1809.0,1809.0,1809.0
2025-03-18 09:37:44 UTC,404,9.0,3.0,2.7,5.0,1819.0,1819.0,1819.0,1819.0
2025-03-18 09:38:00 UTC,405,4.0,8.0,3.2,3.0,1829.0,1829.0,1829.0,1829.0
2025-03-18 09:38:17 UTC,406,8.0,5.0,4.0,5.0,1839.0,1839.0,1839.0,1839.0
2025-03-18 09:38:34 UTC,407,3.0,8.0,2.4,3.0,1849.0,1849.0,1849.0,1849.0
2025-03-18 09:38:50 UTC,408,3.0,4.0,1.2,5.0,1859.0,1859.0,1859.0,1859.0
2025-03-18 09:39:07 UTC,409,7.0,5.0,3.5,4.0,1869.0,1869.0,1869.0,1869.0
2025-03-18 09:39:23 UTC,410,3.0,4.0,1.2,6.0,1879.0,1879.0,1879.0,1879.0
2025-03-18 09:39:40 UTC,411,4.0,7.0,2.8,7.0,1889.0,1889.0,1889.0,1889.0
2025-03-18 09:39:57 UTC,412,7.0,4.0,2.8,5.0,1899.0,1899.0,1899.0,1899.0
2025-03-18 09:40:13 UTC,413,4.0,7.0,2.8,4.0,1909.0,1909.0,1909.0,1909.0
2025-03-18 09:40:30 UTC,414,5.0,4.0,2.0,3.0,1919.0,1919.0,1919.0,1919.0
2025-03-18 09:40:46 UTC,415,4.0,3.0,1.2,5.0,1929.0,1929.0,1929.0,1929.0
2025-03-18 09:41:03 UTC,416,6.0,4.0,2.4,4.0,1939.0,1939.0,1939.0,1939.0
2025-03-18 09:41:19 UTC,417,4.0,6.0,2.4,3.0,1949.0,1949.0,1949.0,1949.0
2025-03-18 09:41:36 UTC,418,6.0,4.0,2.4,5.0,1959.0,1959.0,1959.0,1959.0
2025-03-18 09:41:52 UTC,419,4.0,7.0,2.8,6.0,1969.0,1969.0,1969.0,1969.0
2025-03-18 09:42:09 UTC,420,6.0,6.0,3.6,5.0,1979.0,1979.0,1979.0,1979.0
2025-03-18 09:42:25 UTC,421,3.0,4.0,1.2,4.0,1989.0,1989.0,1989.0,1989.0
2025-03-18 09:42:42 UTC,422,4.0,4.0,1.6,5.0,1999.0,1999.0,1999.0,1999.0
2025-03-18 09:42:58 UTC,423,6.0,6.0,3.6,4.0,2009.0,2009.0,2009.0,2009.0
2025-03-18 09:43:15 UTC,424,4.0,6.0,2.4,3.0,2019.0,2019.0,2019.0,2019.0
2025-03-18 09:43:31 UTC,425,3.0,4.0,1.2,5.0,2029.0,2029.0,2029.0,2029.0
2025-03-18 09:43:48 UTC,426,3.0,7.0,2.1,6.0,2039.0,2039.0,2039.0,2039.0
2025-03-18 09:44:05 UTC,427,3.0,4.0,1.2,5.0,2049.0,2049.0,2049.0,2049.0
2025-03-18 09:44:21 UTC,428,5.0,7.0,3.5,4.0,2059.0,2059.0,2059.0,2059.0
2025-03-18 09:44:38 UTC,429,3.0,4.0,1.2,5.0,2069.0,2069.0,2069.0,2069.0
2025-03-18 09:44:54 UTC,430,5.0,4.0,2.0,5.0,2079.0,2079.0,2079.0,2079.0
2025-03-18 09:45:11 UTC,431,5.0,5.0,2.5,5.0,2089.0,2089.0,2089.0,2089.0
2025-03-18 09:45:27 UTC,432,3.0,5.0,1.5,4.0,2099.0,2099.0,2099.0,2099.0
2025-03-18 09:45:44 UTC,433,6.0,4.0,2.4,3.0,2109.0,2109.0,2109.0,2109.0
2025-03-18 09:46:00 UTC,434,4.0,4.0,1.6,5.0,2119.0,2119.0,2119.0,2119.0
2025-03-18 09:46:15 UTC,435,8.0,5.0,4.0,4.0,2128.0,2128.0,2128.0,2128.0
2025-03-18 09:46:31 UTC,436,5.0,5.0,2.5,4.0,2137.0,2137.0,2137.0,2137.0
2025-03-18 09:46:47 UTC,437,4.0,6.0,2.4,4.0,2146.0,2146.0,2146.0,2146.0
2025-03-18 09:47:03 UTC,438,4.0,4.0,1.6,6.0,2156.0,2156.0,2156.0,2156.0
2025-03-18 09:47:20 UTC,439,7.0,4.0,2.8,3.0,2166.0,2166.0,2166.0,2166.0
2025-03-18 09:47:36 UTC,440,3.0,5.0,1.5,6.0,2176.0,2176.0,2176.0,2176.0
2025-03-18 09:47:53 UTC,441,6.0,4.0,2.4,5.0,2186.0,2186.0,2186.0,2186.0
2025-03-18 09:48:08 UTC,442,4.0,4.0,1.6,6.0,2195.0,2195.0,2195.0,2195.0
2025-03-18 09:48:24 UTC,443,3.0,4.0,1.2,5.0,2205.0,2205.0,2205.0,2205.0
2025-03-18 09:48:41 UTC,444,3.0,6.0,1.8,5.0,2215.0,2215.0,2215.0,2215.0
2025-03-18 09:48:57 UTC,445,4.0,4.0,1.6,3.0,2225.0,2225.0,2225.0,2225.0
2025-03-18 09:49:14 UTC,446,4.0,7.0,2.8,6.0,2235.0,2235.0,2235.0,2235.0
2025-03-18 09:49:30 UTC,447,6.0,4.0,2.4,5.0,2245.0,2245.0,2245.0,2245.0
2025-03-18 09:49:47 UTC,448,3.0,4.0,1.2,5.0,2255.0,2255.0,2255.0,2255.0
2025-03-18 09:50:03 UTC,449,4.0,5.0,2.0,6.0,2265.0,2265.0,2265.0,2265.0
2025-03-18 09:50:20 UTC,450,3.0,7.0,2.1,7.0,2275.0,2275.0,2275.0,2275.0
2025-03-18 09:50:35 UTC,451,5.0,3.0,1.5,5.0,2284.0,2284.0,2284.0,2284.0
2025-03-18 09:50:52 UTC,452,7.0,5.0,3.5,4.0,2294.0,2294.0,2294.0,2294.0
2025-03-18 09:51:08 UTC,453,6.0,5.0,3.0,4.0,2304.0,2304.0,2304.0,2304.0
2025-03-18 09:51:25 UTC,454,4.0,4.0,1.6,5.0,2314.0,2314.0,2314.0,2314.0
2025-03-18 09:51:41 UTC,455,4.0,8.0,3.2,3.0,2324.0,2324.0,2324.0,2324.0
2025-03-18 09:51:58 UTC,456,4.0,4.0,1.6,5.0,2334.0,2334.0,2334.0,2334.0
2025-03-18 09:52:14 UTC,457,5.0,4.0,2.0,3.0,2344.0,2344.0,2344.0,2344.0
2025-03-18 09:52:31 UTC,458,4.0,6.0,2.4,3.0,2354.0,2354.0,2354.0,2354.0
2025-03-18 09:52:47 UTC,459,5.0,3.0,1.5,7.0,2364.0,2364.0,2364.0,2364.0
2025-03-18 09:53:04 UTC,460,5.0,6.0,3.0,5.0,2374.0,2374.0,2374.0,2374.0
2025-03-18 09:53:20 UTC,461,4.0,6.0,2.4,4.0,2384.0,2384.0,2384.0,2384.0
2025-03-18 09:53:36 UTC,462,6.0,6.0,3.6,5.0,2393.0,2393.0,2393.0,2393.0
2025-03-18 09:53:52 UTC,463,5.0,4.0,2.0,3.0,2403.0,2403.0,2403.0,2403.0
2025-03-18 09:54:09 UTC,464,5.0,5.0,2.5,4.0,2413.0,2413.0,2413.0,2413.0
2025-03-18 09:54:25 UTC,465,4.0,5.0,2.0,5.0,2423.0,2423.0,2423.0,2423.0
2025-03-18 09:54:42 UTC,466,4.0,7.0,2.8,6.0,2433.0,2433.0,2433.0,2433.0
2025-03-18 09:54:58 UTC,467,5.0,4.0,2.0,3.0,2443.0,2443.0,2443.0,2443.0
2025-03-18 09:55:15 UTC,468,4.0,4.0,1.6,3.0,2453.0,2453.0,2453.0,2453.0
2025-03-18 09:55:31 UTC,469,4.0,4.0,1.6,4.0,2463.0,2463.0,2463.0,2463.0
2025-03-18 09:55:47 UTC,470,4.0,3.0,1.2,6.0,2472.0,2472.0,2472.0,2472.0
2025-03-18 09:56:03 UTC,471,4.0,6.0,2.4,4.0,2482.0,2482.0,2482.0,2482.0
2025-03-18 09:56:20 UTC,472,5.0,6.0,3.0,6.0,2492.0,2492.0,2492.0,2492.0
2025-03-18 09:56:36 UTC,473,5.0,6.0,3.0,4.0,2502.0,2502.0,2502.0,2502.0
2025-03-18 09:56:53 UTC,474,4.0,7.0,2.8,4.0,2512.0,2512.0,2512.0,2512.0
2025-03-18 09:57:09 UTC,475,7.0,7.0,4.9,6.0,2522.0,2522.0,2522.0,2522.0
2025-03-18 09:57:26 UTC,476,8.0,7.0,5.6,5.0,2532.0,2532.0,2532.0,2532.0
2025-03-18 09:57:42 UTC,477,4.0,4.0,1.6,6.0,2542.0,2542.0,2542.0,2542.0
2025-03-18 09:57:59 UTC,478,4.0,5.0,2.0,5.0,2552.0,2552.0,2552.0,2552.0
2025-03-18 09:58:15 UTC,479,7.0,4.0,2.8,3.0,2562.0,2562.0,2562.0,2562.0
2025-03-18 09:58:32 UTC,480,5.0,6.0,3.0,4.0,2572.0,2572.0,2572.0,2572.0
2025-03-18 09:58:48 UTC,481,8.0,3.0,2.4,3.0,2582.0,2582.0,2582.0,2582.0
2025-03-18 09:59:05 UTC,482,4.0,5.0,2.0,6.0,2592.0,2592.0,2592.0,2592.0
2025-03-18 09:59:21 UTC,483,4.0,4.0,1.6,4.0,2602.0,2602.0,2602.0,2602.0
2025-03-18 09:59:38 UTC,484,6.0,3.0,1.8,5.0,2612.0,2612.0,2612.0,2612.0
2025-03-18 09:59:54 UTC,485,5.0,6.0,3.0,4.0,2622.0,2622.0,2622.0,2622.0
2025-03-18 10:00:11 UTC,486,3.0,4.0,1.2,6.0,2632.0,2632.0,2632.0,2632.0
2025-03-18 10:00:28 UTC,487,6.0,4.0,2.4,4.0,2642.0,2642.0,2642.0,2642.0
2025-03-18 10:00:44 UTC,488,4.0,5.0,2.0,7.0,2652.0,2652.0,2652.0,2652.0
2025-03-18 10:01:01 UTC,489,6.0,7.0,4.2,4.0,2662.0,2662.0,2662.0,2662.0
2025-03-18 10:01:17 UTC,490,6.0,3.0,1.8,7.0,2672.0,2672.0,2672.0,2672.0
2025-03-18 10:01:34 UTC,491,7.0,4.0,2.8,6.0,2682.0,2682.0,2682.0,2682.0
2025-03-18 10:01:49 UTC,492,6.0,6.0,3.6,5.0,2688.0,2688.0,2688.0,2688.0
2025-03-18 10:02:05 UTC,493,5.0,6.0,3.0,4.0,2697.0,2697.0,2697.0,2697.0
2025-03-18 10:02:20 UTC,494,4.0,4.0,1.6,7.0,2704.0,2704.0,2704.0,2704.0
2025-03-18 10:02:40 UTC,495,4.0,7.0,2.8,4.0,2711.0,2711.0,2711.0,2711.0
2025-03-18 10:02:56 UTC,496,4.0,4.0,1.6,7.0,2718.0,2718.0,2718.0,2718.0
2025-03-18 10:03:12 UTC,497,4.0,4.0,1.6,5.0,2722.0,2722.0,2722.0,2722.0
2025-03-18 10:03:29 UTC,498,5.0,6.0,3.0,5.0,2729.0,2729.0,2729.0,2729.0
2025-03-18 10:03:45 UTC,499,7.0,4.0,2.8,6.0,2733.0,2733.0,2733.0,2733.0
2025-03-18 10:04:02 UTC,500,4.0,4.0,1.6,3.0,2740.0,2740.0,2740.0,2740.0
2025-03-18 10:04:20 UTC,501,4.0,3.0,1.2,4.0,2747.0,2747.0,2747.0,2747.0
2025-03-18 10:04:36 UTC,502,6.0,6.0,3.6,4.0,2754.0,2754.0,2754.0,2754.0
2025-03-18 10:04:52 UTC,503,3.0,5.0,1.5,3.0,2762.0,2762.0,2762.0,2762.0
2025-03-18 10:05:10 UTC,504,4.0,4.0,1.6,5.0,2770.0,2770.0,2770.0,2770.0
2025-03-18 10:05:26 UTC,505,6.0,5.0,3.0,4.0,2773.0,2773.0,2773.0,2773.0
2025-03-18 10:05:47 UTC,506,6.0,6.0,3.6,4.0,0.0,0.0,0.0,0.0
2025-03-18 10:06:02 UTC,507,5.0,6.0,3.0,4.0,8.0,8.0,8.0,8.0
2025-03-18 10:06:18 UTC,508,4.0,4.0,1.6,5.0,16.0,16.0,16.0,16.0
2025-03-18 10:06:36 UTC,509,5.0,6.0,3.0,3.0,22.0,22.0,22.0,22.0
2025-03-18 10:06:52 UTC,510,4.0,3.0,1.2,7.0,27.0,27.0,27.0,27.0
2025-03-18 10:07:08 UTC,511,6.0,3.0,1.8,4.0,32.0,32.0,32.0,32.0
2025-03-18 10:07:25 UTC,512,7.0,3.0,2.1,3.0,37.0,37.0,37.0,37.0
2025-03-18 10:07:41 UTC,513,6.0,7.0,4.2,4.0,40.0,40.0,40.0,40.0
2025-03-18 10:07:56 UTC,514,6.0,4.0,2.4,4.0,45.0,45.0,45.0,45.0
2025-03-18 10:08:12 UTC,515,4.0,3.0,1.2,6.0,54.0,54.0,54.0,54.0
2025-03-18 10:08:28 UTC,516,6.0,4.0,2.4,3.0,64.0,64.0,64.0,64.0
2025-03-18 10:08:43 UTC,517,8.0,3.0,2.4,5.0,73.0,73.0,73.0,73.0
2025-03-18 10:09:03 UTC,518,5.0,5.0,2.5,3.0,81.0,81.0,81.0,81.0
2025-03-18 10:09:18 UTC,519,4.0,4.0,1.6,3.0,89.0,89.0,89.0,89.0
2025-03-18 10:09:34 UTC,520,5.0,5.0,2.5,4.0,96.0,96.0,96.0,96.0
2025-03-18 10:09:50 UTC,521,4.0,5.0,2.0,3.0,106.0,106.0,106.0,106.0
2025-03-18 10:10:07 UTC,522,5.0,5.0,2.5,5.0,116.0,116.0,116.0,116.0
2025-03-18 10:10:22 UTC,523,7.0,3.0,2.1,4.0,125.0,125.0,125.0,125.0
2025-03-18 10:10:38 UTC,524,6.0,5.0,3.0,7.0,135.0,135.0,135.0,135.0
2025-03-18 10:10:55 UTC,525,5.0,4.0,2.0,3.0,145.0,145.0,145.0,145.0
2025-03-18 10:11:11 UTC,526,6.0,4.0,2.4,4.0,155.0,155.0,155.0,155.0
2025-03-18 10:11:28 UTC,527,4.0,3.0,1.2,7.0,165.0,165.0,165.0,165.0
2025-03-18 10:11:44 UTC,528,5.0,3.0,1.5,3.0,175.0,175.0,175.0,175.0
2025-03-18 10:12:01 UTC,529,6.0,3.0,1.8,5.0,185.0,185.0,185.0,185.0
2025-03-18 10:12:17 UTC,530,4.0,4.0,1.6,3.0,195.0,195.0,195.0,195.0
2025-03-18 10:12:34 UTC,531,4.0,3.0,1.2,7.0,205.0,205.0,205.0,205.0
2025-03-18 10:12:50 UTC,532,4.0,4.0,1.6,6.0,215.0,215.0,215.0,215.0
2025-03-18 10:13:07 UTC,533,5.0,4.0,2.0,4.0,225.0,225.0,225.0,225.0
2025-03-18 10:13:24 UTC,534,5.0,4.0,2.0,3.0,235.0,235.0,235.0,235.0
2025-03-18 10:13:40 UTC,535,5.0,7.0,3.5,3.0,245.0,245.0,245.0,245.0
2025-03-18 10:13:57 UTC,536,5.0,5.0,2.5,6.0,255.0,255.0,255.0,255.0
2025-03-18 10:14:13 UTC,537,4.0,3.0,1.2,5.0,265.0,265.0,265.0,265.0
2025-03-18 10:14:30 UTC,538,4.0,5.0,2.0,3.0,275.0,275.0,275.0,275.0
2025-03-18 10:14:46 UTC,539,8.0,3.0,2.4,6.0,285.0,285.0,285.0,285.0
2025-03-18 10:15:03 UTC,540,6.0,4.0,2.4,2.0,295.0,295.0,295.0,295.0
2025-03-18 10:15:20 UTC,541,4.0,6.0,2.4,6.0,305.0,305.0,305.0,305.0
2025-03-18 10:15:36 UTC,542,7.0,4.0,2.8,4.0,315.0,315.0,315.0,315.0
2025-03-18 10:15:53 UTC,543,5.0,3.0,1.5,6.0,325.0,325.0,325.0,325.0
2025-03-18 10:16:09 UTC,544,4.0,4.0,1.6,7.0,335.0,335.0,335.0,335.0
2025-03-18 10:16:26 UTC,545,4.0,2.0,0.8,9.0,345.0,345.0,345.0,345.0
2025-03-18 10:16:42 UTC,546,4.0,6.0,2.4,3.0,355.0,355.0,355.0,355.0
2025-03-18 10:16:59 UTC,547,4.0,5.0,2.0,6.0,365.0,365.0,365.0,365.0
2025-03-18 10:17:15 UTC,548,4.0,9.0,3.6,7.0,375.0,375.0,375.0,375.0
2025-03-18 10:17:32 UTC,549,5.0,3.0,1.5,6.0,385.0,385.0,385.0,385.0
2025-03-18 10:17:48 UTC,550,3.0,9.0,2.7,4.0,395.0,395.0,395.0,395.0
2025-03-18 10:18:05 UTC,551,5.0,6.0,3.0,5.0,405.0,405.0,405.0,405.0
2025-03-18 10:18:21 UTC,552,6.0,6.0,3.6,7.0,415.0,415.0,415.0,415.0
2025-03-18 10:18:38 UTC,553,4.0,4.0,1.6,6.0,425.0,425.0,425.0,425.0
2025-03-18 10:18:54 UTC,554,7.0,5.0,3.5,4.0,435.0,435.0,435.0,435.0
2025-03-18 10:19:11 UTC,555,7.0,5.0,3.5,3.0,445.0,445.0,445.0,445.0
2025-03-18 10:19:27 UTC,556,7.0,4.0,2.8,4.0,455.0,455.0,455.0,455.0
2025-03-18 10:19:44 UTC,557,4.0,5.0,2.0,4.0,465.0,465.0,465.0,465.0
2025-03-18 10:20:00 UTC,558,5.0,4.0,2.0,3.0,475.0,475.0,475.0,475.0
2025-03-18 10:20:17 UTC,559,6.0,5.0,3.0,4.0,485.0,485.0,485.0,485.0
2025-03-18 10:20:34 UTC,560,5.0,4.0,2.0,3.0,495.0,495.0,495.0,495.0
2025-03-18 10:20:50 UTC,561,4.0,8.0,3.2,7.0,505.0,505.0,505.0,505.0
2025-03-18 10:21:05 UTC,562,5.0,6.0,3.0,6.0,514.0,514.0,514.0,514.0
2025-03-18 10:21:22 UTC,563,4.0,4.0,1.6,4.0,524.0,524.0,524.0,524.0
2025-03-18 10:21:37 UTC,564,6.0,4.0,2.4,4.0,533.0,533.0,533.0,533.0
2025-03-18 10:21:52 UTC,565,6.0,7.0,4.2,3.0,542.0,542.0,542.0,542.0
2025-03-18 10:22:09 UTC,566,4.0,7.0,2.8,5.0,552.0,552.0,552.0,552.0
2025-03-18 10:22:26 UTC,567,5.0,5.0,2.5,5.0,562.0,562.0,562.0,562.0
2025-03-18 10:22:42 UTC,568,5.0,6.0,3.0,4.0,572.0,572.0,572.0,572.0
2025-03-18 10:22:59 UTC,569,5.0,2.0,1.0,7.0,582.0,582.0,582.0,582.0
2025-03-18 10:23:14 UTC,570,7.0,4.0,2.8,4.0,591.0,591.0,591.0,591.0
2025-03-18 10:23:30 UTC,571,3.0,4.0,1.2,7.0,601.0,601.0,601.0,601.0
2025-03-18 10:23:47 UTC,572,3.0,4.0,1.2,6.0,611.0,611.0,611.0,611.0
2025-03-18 10:24:02 UTC,573,7.0,8.0,5.6,4.0,620.0,620.0,620.0,620.0
2025-03-18 10:24:18 UTC,574,5.0,6.0,3.0,4.0,630.0,630.0,630.0,630.0
2025-03-18 10:24:35 UTC,575,4.0,6.0,2.4,6.0,640.0,640.0,640.0,640.0
2025-03-18 10:24:50 UTC,576,5.0,6.0,3.0,3.0,649.0,649.0,649.0,649.0
2025-03-18 12:07:08 UTC,577,7.0,6.0,3.0,4.2,,,,
2025-03-18 12:07:32 UTC,578,5.0,5.0,7.0,2.5,,,,
2025-03-18 12:07:59 UTC,579,3.0,5.0,6.0,1.5,,,,
2025-03-18 12:09:02 UTC,580,6.0,8.0,4.0,4.8,,,,
2025-03-18 12:09:47 UTC,581,3.0,9.0,4.0,2.7,,,,
2025-03-18 12:10:07 UTC,582,5.0,3.0,6.0,1.5,,,,
2025-03-18 12:10:37 UTC,583,9.0,4.0,3.0,3.6,,,,
2025-03-18 12:11:07 UTC,584,6.0,6.0,4.0,3.6,,,,
2025-03-18 12:12:03 UTC,585,5.0,3.0,7.0,1.5,,,,
2025-03-18 12:12:26 UTC,586,5.0,6.0,7.0,3.0,,,,
2025-03-18 12:13:11 UTC,587,1.0,8.0,4.0,0.8,,,,
2025-03-18 12:14:26 UTC,588,8.0,7.0,3.0,5.6,,,,
2025-03-18 12:15:56 UTC,589,7.0,4.0,10.0,2.8,,,,
2025-03-18 12:16:26 UTC,590,6.0,8.0,4.0,4.8,,,,
2025-03-18 12:17:26 UTC,591,6.0,9.0,3.0,5.4,,,,
2025-03-18 12:18:11 UTC,592,10.0,5.0,8.0,5.0,,,,
2025-03-18 12:18:56 UTC,593,7.0,5.0,8.0,3.5,,,,
2025-03-18 12:19:26 UTC,594,5.0,5.0,7.0,2.5,,,,
2025-03-18 12:20:56 UTC,595,4.0,4.0,6.0,1.6,,,,
2025-03-18 12:21:41 UTC,596,4.0,3.0,4.0,1.2,,,,
2025-03-18 12:22:41 UTC,597,4.0,7.0,4.0,2.8,,,,
2025-03-18 12:23:11 UTC,598,5.0,4.0,3.0,2.0,,,,
2025-03-18 12:23:56 UTC,599,5.0,6.0,3.0,3.0,,,,
2025-03-19 06:14:16 UTC,600,6.0,6.0,3.0,3.6,,,,
2025-03-19 06:15:11 UTC,601,6.0,5.0,3.0,6.0,0.0,0.0,0.0,0.0
2025-03-19 06:15:26 UTC,602,8.0,5.0,4.0,8.0,9.0,9.0,9.0,9.0
2025-03-19 06:15:42 UTC,603,6.0,6.0,3.6,4.0,19.0,19.0,19.0,19.0
2025-03-19 06:15:59 UTC,604,6.0,6.0,3.6,3.0,29.0,29.0,29.0,29.0
2025-03-19 06:16:15 UTC,605,3.0,7.0,2.1,4.0,39.0,39.0,39.0,39.0
2025-03-19 06:16:32 UTC,606,3.0,3.0,0.9,4.0,49.0,49.0,49.0,49.0
2025-03-19 06:16:49 UTC,607,8.0,7.0,5.6,4.0,59.0,59.0,59.0,59.0
2025-03-19 06:17:05 UTC,608,4.0,5.0,2.0,6.0,69.0,69.0,69.0,69.0
2025-03-19 06:17:22 UTC,609,4.0,7.0,2.8,3.0,79.0,79.0,79.0,79.0
2025-03-19 06:17:38 UTC,610,5.0,9.0,4.5,7.0,89.0,89.0,89.0,89.0
2025-03-19 06:17:55 UTC,611,5.0,4.0,2.0,6.0,99.0,99.0,99.0,99.0
2025-03-19 06:18:11 UTC,612,6.0,8.0,4.8,4.0,109.0,109.0,109.0,109.0
2025-03-19 06:18:28 UTC,613,3.0,4.0,1.2,4.0,119.0,119.0,119.0,119.0
2025-03-19 06:18:44 UTC,614,8.0,4.0,3.2,5.0,129.0,129.0,129.0,129.0
2025-03-19 06:19:01 UTC,615,7.0,7.0,4.9,7.0,139.0,139.0,139.0,139.0
2025-03-19 06:19:17 UTC,616,6.0,7.0,4.2,8.0,149.0,149.0,149.0,149.0
2025-03-19 06:19:32 UTC,617,5.0,5.0,2.5,5.0,158.0,158.0,158.0,158.0
2025-03-19 06:19:49 UTC,618,6.0,6.0,3.6,8.0,168.0,168.0,168.0,168.0
2025-03-19 06:20:05 UTC,619,3.0,4.0,1.2,4.0,178.0,178.0,178.0,178.0
2025-03-19 06:20:22 UTC,620,8.0,4.0,3.2,5.0,188.0,188.0,188.0,188.0
2025-03-19 06:20:39 UTC,621,7.0,7.0,4.9,7.0,198.0,198.0,198.0,198.0
2025-03-19 06:20:55 UTC,622,3.0,6.0,1.8,3.0,207.0,207.0,207.0,207.0
2025-03-19 06:21:11 UTC,623,4.0,6.0,2.4,6.0,217.0,217.0,217.0,217.0
2025-03-19 06:21:28 UTC,624,8.0,7.0,5.6,5.0,227.0,227.0,227.0,227.0
2025-03-19 06:21:44 UTC,625,5.0,4.0,2.0,4.0,237.0,237.0,237.0,237.0
2025-03-19 06:22:01 UTC,626,9.0,6.0,5.4,5.0,247.0,247.0,247.0,247.0
2025-03-19 06:22:17 UTC,627,7.0,7.0,4.9,8.0,257.0,257.0,257.0,257.0
2025-03-19 06:22:34 UTC,628,7.0,7.0,4.9,4.0,267.0,267.0,267.0,267.0
2025-03-19 06:22:49 UTC,629,6.0,7.0,4.2,5.0,276.0,276.0,276.0,276.0
2025-03-19 06:23:04 UTC,630,6.0,6.0,3.6,3.0,285.0,285.0,285.0,285.0
2025-03-19 06:23:20 UTC,631,5.0,8.0,4.0,4.0,294.0,294.0,294.0,294.0
2025-03-19 06:23:35 UTC,632,4.0,8.0,3.2,6.0,303.0,303.0,303.0,303.0
2025-03-19 06:23:50 UTC,633,4.0,8.0,3.2,4.0,312.0,312.0,312.0,312.0
2025-03-19 06:24:05 UTC,634,6.0,7.0,4.2,4.0,321.0,321.0,321.0,321.0
2025-03-19 06:24:21 UTC,635,10.0,13.0,13.0,10.0,6.0,6.0,6.0,6.0
2025-03-19 06:24:38 UTC,636,4.0,3.0,1.2,6.0,16.0,16.0,16.0,16.0
2025-03-19 06:24:53 UTC,637,8.0,8.0,6.4,4.0,25.0,25.0,25.0,25.0
2025-03-19 06:25:09 UTC,638,6.0,7.0,4.2,5.0,35.0,35.0,35.0,35.0
2025-03-19 06:25:26 UTC,639,4.0,6.0,2.4,6.0,45.0,45.0,45.0,45.0
2025-03-19 06:25:41 UTC,640,4.0,4.0,1.6,6.0,2.0,2.0,2.0,2.0
2025-03-19 06:25:57 UTC,641,4.0,4.0,1.6,4.0,11.0,11.0,11.0,11.0
2025-03-19 06:26:14 UTC,642,5.0,5.0,2.5,4.0,21.0,21.0,21.0,21.0
2025-03-19 06:26:30 UTC,643,4.0,4.0,1.6,6.0,31.0,31.0,31.0,31.0
2025-03-19 06:26:45 UTC,644,4.0,5.0,2.0,4.0,40.0,40.0,40.0,40.0
2025-03-19 06:27:00 UTC,645,4.0,4.0,1.6,5.0,49.0,49.0,49.0,49.0
2025-03-19 06:27:15 UTC,646,3.0,5.0,1.5,5.0,58.0,58.0,58.0,58.0
2025-03-19 06:27:32 UTC,647,4.0,4.0,1.6,4.0,68.0,68.0,68.0,68.0
2025-03-19 06:27:48 UTC,648,4.0,4.0,1.6,4.0,78.0,78.0,78.0,78.0
2025-03-19 06:28:04 UTC,649,3.0,4.0,1.2,8.0,87.0,87.0,87.0,87.0
2025-03-19 06:28:20 UTC,650,4.0,5.0,2.0,3.0,97.0,97.0,97.0,97.0
2025-03-19 06:28:37 UTC,651,6.0,4.0,2.4,7.0,107.0,107.0,107.0,107.0
2025-03-19 06:28:53 UTC,652,4.0,6.0,2.4,6.0,117.0,117.0,117.0,117.0
2025-03-19 06:29:10 UTC,653,7.0,4.0,2.8,5.0,127.0,127.0,127.0,127.0
2025-03-19 06:29:27 UTC,654,6.0,7.0,4.2,5.0,137.0,137.0,137.0,137.0
2025-03-19 06:29:43 UTC,655,5.0,5.0,2.5,6.0,147.0,147.0,147.0,147.0
2025-03-19 06:30:00 UTC,656,4.0,4.0,1.6,5.0,157.0,157.0,157.0,157.0
2025-03-19 06:30:16 UTC,657,5.0,4.0,2.0,5.0,167.0,167.0,167.0,167.0
2025-03-19 06:30:33 UTC,658,5.0,6.0,3.0,5.0,177.0,177.0,177.0,177.0
2025-03-19 06:30:49 UTC,659,4.0,4.0,1.6,4.0,187.0,187.0,187.0,187.0
2025-03-19 06:31:04 UTC,660,4.0,5.0,2.0,2.0,196.0,196.0,196.0,196.0
2025-03-19 06:31:20 UTC,661,7.0,5.0,3.5,3.0,205.0,205.0,205.0,205.0
2025-03-19 06:31:36 UTC,662,5.0,3.0,1.5,6.0,215.0,215.0,215.0,215.0
2025-03-19 06:31:53 UTC,663,5.0,6.0,3.0,6.0,225.0,225.0,225.0,225.0
2025-03-19 06:32:09 UTC,664,8.0,8.0,6.4,3.0,235.0,235.0,235.0,235.0
2025-03-19 06:32:26 UTC,665,7.0,5.0,3.5,6.0,245.0,245.0,245.0,245.0
2025-03-19 06:32:42 UTC,666,7.0,3.0,2.1,6.0,255.0,255.0,255.0,255.0
2025-03-19 06:32:59 UTC,667,4.0,4.0,1.6,4.0,265.0,265.0,265.0,265.0
2025-03-19 06:33:16 UTC,668,5.0,5.0,2.5,4.0,275.0,275.0,275.0,275.0
2025-03-19 06:33:32 UTC,669,8.0,4.0,3.2,5.0,285.0,285.0,285.0,285.0
2025-03-19 06:33:48 UTC,670,5.0,7.0,3.5,4.0,293.0,293.0,293.0,293.0
2025-03-19 06:34:05 UTC,671,5.0,7.0,3.5,5.0,303.0,303.0,303.0,303.0
2025-03-19 06:34:21 UTC,672,4.0,3.0,1.2,4.0,313.0,313.0,313.0,313.0
2025-03-19 06:34:37 UTC,673,5.0,6.0,3.0,6.0,322.0,322.0,322.0,322.0
2025-03-19 06:34:54 UTC,674,4.0,9.0,3.6,5.0,332.0,332.0,332.0,332.0
2025-03-19 06:35:11 UTC,675,4.0,6.0,2.4,6.0,342.0,342.0,342.0,342.0
2025-03-19 06:35:27 UTC,676,5.0,3.0,1.5,6.0,352.0,352.0,352.0,352.0
2025-03-19 06:35:44 UTC,677,6.0,4.0,2.4,5.0,362.0,362.0,362.0,362.0
2025-03-19 06:36:00 UTC,678,8.0,4.0,3.2,5.0,372.0,372.0,372.0,372.0
2025-03-19 06:36:17 UTC,679,3.0,6.0,1.8,9.0,382.0,382.0,382.0,382.0
2025-03-19 06:36:33 UTC,680,6.0,9.0,5.4,8.0,392.0,392.0,392.0,392.0
2025-03-19 06:36:50 UTC,681,5.0,4.0,2.0,4.0,402.0,402.0,402.0,402.0
2025-03-19 06:37:06 UTC,682,5.0,6.0,3.0,4.0,412.0,412.0,412.0,412.0
2025-03-19 06:37:23 UTC,683,6.0,3.0,1.8,8.0,422.0,422.0,422.0,422.0
2025-03-19 06:37:40 UTC,684,5.0,6.0,3.0,5.0,432.0,432.0,432.0,432.0
2025-03-19 06:37:56 UTC,685,8.0,7.0,5.6,3.0,442.0,442.0,442.0,442.0
2025-03-19 06:38:13 UTC,686,6.0,3.0,1.8,5.0,452.0,452.0,452.0,452.0
2025-03-19 06:38:44 UTC,687,5.0,6.0,3.0,6.0,0.0,0.0,0.0,0.0
2025-03-19 06:38:59 UTC,688,5.0,6.0,3.0,4.0,9.0,9.0,9.0,9.0
2025-03-19 06:39:14 UTC,689,6.0,7.0,4.2,5.0,18.0,18.0,18.0,18.0
2025-03-19 06:39:29 UTC,690,3.0,5.0,1.5,6.0,27.0,27.0,27.0,27.0
2025-03-19 06:39:46 UTC,691,4.0,7.0,2.8,5.0,37.0,37.0,37.0,37.0
2025-03-19 06:40:03 UTC,692,6.0,5.0,3.0,2.0,47.0,47.0,47.0,47.0
2025-03-19 06:40:19 UTC,693,8.0,4.0,3.2,5.0,57.0,57.0,57.0,57.0
2025-03-19 06:40:36 UTC,694,4.0,4.0,1.6,4.0,67.0,67.0,67.0,67.0
2025-03-19 06:40:51 UTC,695,3.0,5.0,1.5,4.0,76.0,76.0,76.0,76.0
2025-03-19 06:41:06 UTC,696,5.0,4.0,2.0,6.0,85.0,85.0,85.0,85.0
2025-03-19 06:41:21 UTC,697,6.0,4.0,2.4,4.0,94.0,94.0,94.0,94.0
2025-03-19 06:41:37 UTC,698,5.0,5.0,2.5,8.0,103.0,103.0,103.0,103.0
2025-03-19 06:41:52 UTC,699,5.0,6.0,3.0,4.0,112.0,112.0,112.0,112.0
2025-03-19 06:42:08 UTC,700,4.0,8.0,3.2,5.0,121.0,121.0,121.0,121.0
2025-03-19 06:42:24 UTC,701,5.0,4.0,2.0,5.0,130.0,130.0,130.0,130.0
2025-03-19 06:42:39 UTC,702,6.0,5.0,3.0,6.0,139.0,139.0,139.0,139.0
2025-03-19 06:42:58 UTC,703,6.0,5.0,3.0,8.0,0.0,0.0,0.0,0.0
2025-03-19 06:43:13 UTC,704,5.0,6.0,3.0,8.0,9.0,9.0,9.0,9.0
2025-03-19 06:43:30 UTC,705,4.0,6.0,2.4,4.0,19.0,19.0,19.0,19.0
2025-03-19 06:43:45 UTC,706,6.0,5.0,3.0,4.0,28.0,28.0,28.0,28.0
2025-03-19 06:44:01 UTC,707,6.0,4.0,2.4,3.0,38.0,38.0,38.0,38.0
2025-03-19 06:44:18 UTC,708,7.0,4.0,2.8,3.0,48.0,48.0,48.0,48.0
2025-03-19 06:44:34 UTC,709,4.0,4.0,1.6,4.0,58.0,58.0,58.0,58.0
2025-03-19 06:44:51 UTC,710,8.0,3.0,2.4,3.0,68.0,68.0,68.0,68.0
2025-03-19 06:45:07 UTC,711,4.0,4.0,1.6,8.0,78.0,78.0,78.0,78.0
2025-03-19 06:45:24 UTC,712,3.0,3.0,0.9,6.0,88.0,88.0,88.0,88.0
2025-03-19 06:45:40 UTC,713,8.0,7.0,5.6,4.0,98.0,98.0,98.0,98.0
2025-03-19 06:45:57 UTC,714,7.0,4.0,2.8,7.0,108.0,108.0,108.0,108.0
2025-03-19 06:46:13 UTC,715,4.0,8.0,3.2,3.0,118.0,118.0,118.0,118.0
2025-03-19 06:46:30 UTC,716,4.0,4.0,1.6,7.0,128.0,128.0,128.0,128.0
2025-03-19 06:46:47 UTC,717,4.0,4.0,1.6,7.0,138.0,138.0,138.0,138.0
2025-03-19 06:47:03 UTC,718,5.0,4.0,2.0,6.0,148.0,148.0,148.0,148.0
2025-03-19 06:47:20 UTC,719,6.0,3.0,1.8,4.0,158.0,158.0,158.0,158.0
2025-03-19 06:47:36 UTC,720,7.0,4.0,2.8,3.0,168.0,168.0,168.0,168.0
2025-03-19 06:47:53 UTC,721,5.0,4.0,2.0,4.0,178.0,178.0,178.0,178.0
2025-03-19 06:48:09 UTC,722,5.0,7.0,3.5,4.0,188.0,188.0,188.0,188.0
2025-03-19 06:48:26 UTC,723,6.0,5.0,3.0,8.0,198.0,198.0,198.0,198.0
2025-03-19 06:48:42 UTC,724,4.0,5.0,2.0,6.0,208.0,208.0,208.0,208.0
2025-03-19 06:48:59 UTC,725,3.0,4.0,1.2,5.0,218.0,218.0,218.0,218.0
2025-03-19 06:49:15 UTC,726,4.0,7.0,2.8,4.0,228.0,228.0,228.0,228.0
2025-03-19 06:49:32 UTC,727,4.0,5.0,2.0,6.0,238.0,238.0,238.0,238.0
2025-03-19 06:49:48 UTC,728,4.0,4.0,1.6,4.0,248.0,248.0,248.0,248.0
2025-03-19 06:50:05 UTC,729,4.0,4.0,1.6,5.0,258.0,258.0,258.0,258.0
2025-03-19 06:50:22 UTC,730,5.0,5.0,2.5,5.0,268.0,268.0,268.0,268.0
2025-03-19 06:50:38 UTC,731,5.0,5.0,2.5,4.0,278.0,278.0,278.0,278.0
2025-03-19 06:50:55 UTC,732,3.0,4.0,1.2,4.0,288.0,288.0,288.0,288.0
2025-03-19 06:51:11 UTC,733,5.0,4.0,2.0,3.0,298.0,298.0,298.0,298.0
2025-03-19 06:51:28 UTC,734,5.0,5.0,2.5,5.0,308.0,308.0,308.0,308.0
2025-03-19 06:51:44 UTC,735,5.0,4.0,2.0,5.0,318.0,318.0,318.0,318.0
2025-03-19 06:52:01 UTC,736,3.0,5.0,1.5,5.0,328.0,328.0,328.0,328.0
2025-03-19 06:52:17 UTC,737,4.0,4.0,1.6,5.0,338.0,338.0,338.0,338.0
2025-03-19 06:52:34 UTC,738,5.0,4.0,2.0,4.0,348.0,348.0,348.0,348.0
2025-03-19 06:52:51 UTC,739,5.0,4.0,2.0,5.0,358.0,358.0,358.0,358.0
2025-03-19 06:53:07 UTC,740,4.0,4.0,1.6,4.0,368.0,368.0,368.0,368.0
2025-03-19 06:53:24 UTC,741,6.0,4.0,2.4,4.0,378.0,378.0,378.0,378.0
2025-03-19 06:53:40 UTC,742,4.0,4.0,1.6,4.0,388.0,388.0,388.0,388.0
2025-03-19 06:53:57 UTC,743,6.0,3.0,1.8,4.0,398.0,398.0,398.0,398.0
2025-03-19 06:54:13 UTC,744,4.0,5.0,2.0,4.0,408.0,408.0,408.0,408.0
2025-03-19 06:54:30 UTC,745,4.0,5.0,2.0,4.0,418.0,418.0,418.0,418.0
2025-03-19 06:54:47 UTC,746,6.0,5.0,3.0,4.0,428.0,428.0,428.0,428.0
2025-03-19 06:55:03 UTC,747,6.0,5.0,3.0,5.0,438.0,438.0,438.0,438.0
2025-03-19 06:55:20 UTC,748,5.0,5.0,2.5,4.0,448.0,448.0,448.0,448.0
2025-03-19 06:55:36 UTC,749,4.0,4.0,1.6,4.0,458.0,458.0,458.0,458.0
2025-03-19 06:55:53 UTC,750,4.0,5.0,2.0,5.0,468.0,468.0,468.0,468.0
2025-03-19 06:56:09 UTC,751,3.0,4.0,1.2,5.0,478.0,478.0,478.0,478.0
2025-03-19 06:56:26 UTC,752,6.0,4.0,2.4,7.0,488.0,488.0,488.0,488.0
2025-03-19 06:56:42 UTC,753,5.0,4.0,2.0,4.0,498.0,498.0,498.0,498.0
2025-03-19 06:56:59 UTC,754,5.0,5.0,2.5,5.0,508.0,508.0,508.0,508.0
2025-03-19 06:57:15 UTC,755,3.0,5.0,1.5,4.0,518.0,518.0,518.0,518.0
2025-03-19 06:57:32 UTC,756,7.0,3.0,2.1,3.0,528.0,528.0,528.0,528.0
2025-03-19 06:57:47 UTC,757,6.0,4.0,2.4,5.0,537.0,537.0,537.0,537.0
2025-03-19 06:58:03 UTC,758,4.0,4.0,1.6,4.0,547.0,547.0,547.0,547.0
2025-03-19 06:58:20 UTC,759,4.0,4.0,1.6,4.0,557.0,557.0,557.0,557.0
2025-03-19 06:58:37 UTC,760,5.0,5.0,2.5,4.0,567.0,567.0,567.0,567.0
2025-03-19 06:58:53 UTC,761,5.0,4.0,2.0,5.0,577.0,577.0,577.0,577.0
2025-03-19 06:59:08 UTC,762,7.0,5.0,3.5,7.0,586.0,586.0,586.0,586.0
2025-03-19 06:59:25 UTC,763,3.0,8.0,2.4,4.0,596.0,596.0,596.0,596.0
2025-03-19 06:59:41 UTC,764,4.0,8.0,3.2,4.0,606.0,606.0,606.0,606.0
2025-03-19 06:59:58 UTC,765,3.0,4.0,1.2,6.0,616.0,616.0,616.0,616.0
2025-03-19 07:00:14 UTC,766,4.0,5.0,2.0,3.0,626.0,626.0,626.0,626.0
2025-03-19 07:00:31 UTC,767,5.0,5.0,2.5,8.0,636.0,636.0,636.0,636.0
2025-03-19 07:00:47 UTC,768,4.0,4.0,1.6,4.0,646.0,646.0,646.0,646.0
2025-03-19 07:01:03 UTC,769,4.0,4.0,1.6,4.0,655.0,655.0,655.0,655.0
2025-03-19 07:01:19 UTC,770,4.0,4.0,1.6,4.0,665.0,665.0,665.0,665.0
2025-03-19 07:01:36 UTC,771,5.0,4.0,2.0,4.0,675.0,675.0,675.0,675.0
2025-03-19 07:01:52 UTC,772,5.0,5.0,2.5,4.0,685.0,685.0,685.0,685.0
2025-03-19 07:02:09 UTC,773,4.0,4.0,1.6,4.0,695.0,695.0,695.0,695.0
2025-03-19 07:02:25 UTC,774,4.0,4.0,1.6,3.0,705.0,705.0,705.0,705.0
2025-03-19 07:02:42 UTC,775,4.0,4.0,1.6,5.0,715.0,715.0,715.0,715.0
