time,s1,s2,s3
0, 1, 2, 0.7
1, 1.009999833, 1.99995, 0.706999883
2, 1.019998667, 1.999800007, 0.713999067
3, 1.0299955, 1.999550034, 0.72099685
4, 1.039989334, 1.999200107, 0.727992534
5, 1.049979169, 1.99875026, 0.734985418
6, 1.059964006, 1.99820054, 0.741974805
7, 1.069942847, 1.997551, 0.748959993
8, 1.079914694, 1.996801706, 0.755940286
9, 1.089878549, 1.995952733, 0.762914984
10, 1.099833417, 1.995004165, 0.769883392
11, 1.109778301, 1.993956098, 0.776844811
12, 1.119712207, 1.992808636, 0.783798545
13, 1.129634143, 1.991561894, 0.7907439
14, 1.139543115, 1.990215996, 0.79768018
15, 1.149438132, 1.988771078, 0.804606693
16, 1.159318207, 1.987227283, 0.811522745
17, 1.169182349, 1.985584767, 0.818427644
18, 1.179029573, 1.983843693, 0.825320701
19, 1.188858895, 1.982004235, 0.832201226
20, 1.198669331, 1.980066578, 0.839068532
21, 1.2084599, 1.978030915, 0.84592193
22, 1.218229623, 1.975897449, 0.852760736
23, 1.227977524, 1.973666395, 0.859584266
24, 1.237702626, 1.971337975, 0.866391838
25, 1.247403959, 1.968912422, 0.873182771
26, 1.257080552, 1.966389978, 0.879956386
27, 1.266731437, 1.963770896, 0.886712006
28, 1.276355649, 1.961055438, 0.893448954
29, 1.285952225, 1.958243876, 0.900166558
30, 1.295520207, 1.955336489, 0.906864145
31, 1.305058636, 1.95233357, 0.913541046
32, 1.314566561, 1.949235418, 0.920196592
33, 1.324043028, 1.946042344, 0.92683012
34, 1.333487092, 1.942754666, 0.933440964
35, 1.342897807, 1.939372713, 0.940028465
36, 1.352274233, 1.935896824, 0.946591963
37, 1.361615432, 1.932327346, 0.953130802
38, 1.370920469, 1.928664636, 0.959644329
39, 1.380188415, 1.92490906, 0.966131891
40, 1.389418342, 1.921060994, 0.97259284
41, 1.398609328, 1.917120823, 0.97902653
42, 1.407760453, 1.91308894, 0.985432317
43, 1.416870802, 1.90896575, 0.991809562
44, 1.425939465, 1.904751663, 0.998157626
45, 1.434965534, 1.900447102, 1.004475874
46, 1.443948107, 1.896052498, 1.010763675
47, 1.452886285, 1.891568288, 1.0170204
48, 1.461779176, 1.886994923, 1.023245423
49, 1.470625888, 1.882332859, 1.029438122
50, 1.479425539, 1.877582562, 1.035597877
51, 1.488177247, 1.872744508, 1.041724073
52, 1.496880138, 1.86781918, 1.047816096
53, 1.505533341, 1.862807071, 1.053873339
54, 1.514135992, 1.857708681, 1.059895194
55, 1.522687229, 1.852524522, 1.06588106
56, 1.531186198, 1.847255111, 1.071830339
57, 1.539632049, 1.841900975, 1.077742434
58, 1.548023937, 1.83646265, 1.083616756
59, 1.556361023, 1.830940679, 1.089452716
60, 1.564642473, 1.825335615, 1.095249731
61, 1.57286746, 1.819648018, 1.101007222
62, 1.581035161, 1.813878457, 1.106724612
63, 1.589144758, 1.808027508, 1.112401331
64, 1.597195441, 1.802095758, 1.118036809
65, 1.605186406, 1.796083799, 1.123630484
66, 1.613116852, 1.789992231, 1.129181796
67, 1.620985987, 1.783821666, 1.134690191
68, 1.628793024, 1.777572719, 1.140155117
69, 1.636537182, 1.771246015, 1.145576028
70, 1.644217687, 1.764842187, 1.150952381
71, 1.651833771, 1.758361876, 1.15628364
72, 1.659384672, 1.751805729, 1.16156927
73, 1.666869635, 1.745174402, 1.166808745
74, 1.674287912, 1.738468559, 1.172001538
75, 1.68163876, 1.731688869, 1.177147132
76, 1.688921445, 1.724836011, 1.182245012
77, 1.696135239, 1.71791067, 1.187294667
78, 1.703279419, 1.710913538, 1.192295593
79, 1.710353272, 1.703845316, 1.197247291
80, 1.717356091, 1.696706709, 1.202149264
81, 1.724287174, 1.689498433, 1.207001022
82, 1.73114583, 1.682221207, 1.211802081
83, 1.737931371, 1.67487576, 1.21655196
84, 1.74464312, 1.667462826, 1.221250184
85, 1.751280405, 1.659983146, 1.225896284
86, 1.757842563, 1.652437468, 1.230489794
87, 1.764328937, 1.644826547, 1.235030256
88, 1.770738879, 1.637151144, 1.239517215
89, 1.777071748, 1.629412027, 1.243950223
90, 1.78332691, 1.621609968, 1.248328837
91, 1.78950374, 1.613745749, 1.252652618
92, 1.79560162, 1.605820157, 1.256921134
93, 1.801619941, 1.597833982, 1.261133959
94, 1.8075581, 1.589788025, 1.26529067
95, 1.813415505, 1.581683089, 1.269390853
96, 1.819191568, 1.573519986, 1.273434098
97, 1.824885713, 1.565299531, 1.277419999
98, 1.83049737, 1.557022547, 1.281348159
99, 1.836025979, 1.548689861, 1.285218185
100, 1.841470985, 1.540302306, 1.289029689
101, 1.846831845, 1.531860721, 1.292782291
102, 1.852108022, 1.523365951, 1.296475615
103, 1.857298989, 1.514818845, 1.300109292
104, 1.862404227, 1.506220257, 1.303682959
105, 1.867423226, 1.497571048, 1.307196258
106, 1.872355482, 1.488872082, 1.310648838
107, 1.877200504, 1.480124229, 1.314040353
108, 1.881957807, 1.471328364, 1.317370465
109, 1.886626914, 1.462485367, 1.32063884
110, 1.89120736, 1.453596121, 1.323845152
111, 1.895698686, 1.444661517, 1.32698908
112, 1.900100442, 1.435682446, 1.33007031
113, 1.904412189, 1.426659808, 1.333088533
114, 1.908633496, 1.417594504, 1.336043447
115, 1.91276394, 1.408487441, 1.338934758
116, 1.916803109, 1.399339529, 1.341762176
117, 1.920750598, 1.390151684, 1.344525418
118, 1.924606012, 1.380924824, 1.347224209
119, 1.928368967, 1.371659872, 1.349858277
120, 1.932039086, 1.362357754, 1.35242736
121, 1.935616002, 1.353019401, 1.354931201
122, 1.939099356, 1.343645746, 1.357369549
123, 1.942488802, 1.334237727, 1.359742161
124, 1.945783999, 1.324796284, 1.3620488
125, 1.948984619, 1.315322362, 1.364289234
126, 1.952090342, 1.305816908, 1.366463239
127, 1.955100856, 1.296280873, 1.368570599
128, 1.95801586, 1.28671521, 1.370611102
129, 1.960835064, 1.277120875, 1.372584545
130, 1.963558185, 1.267498829, 1.37449073
131, 1.966184952, 1.257850033, 1.376329466
132, 1.9687151, 1.248175452, 1.37810057
133, 1.971148378, 1.238476053, 1.379803865
134, 1.973484542, 1.228752808, 1.381439179
135, 1.975723358, 1.219006687, 1.38300635
136, 1.977864602, 1.209238666, 1.384505222
137, 1.979908061, 1.199449721, 1.385935643
138, 1.98185353, 1.189640831, 1.387297471
139, 1.983700815, 1.179812978, 1.38859057
140, 1.98544973, 1.169967143, 1.389814811
141, 1.987100101, 1.160104312, 1.390970071
142, 1.988651763, 1.15022547, 1.392056234
143, 1.99010456, 1.140331606, 1.393073192
144, 1.991458348, 1.130423709, 1.394020844
145, 1.992712991, 1.120502769, 1.394899094
146, 1.993868363, 1.11056978, 1.395707854
147, 1.99492435, 1.100625733, 1.396447045
148, 1.995880845, 1.090671624, 1.397116591
149, 1.996737752, 1.080708448, 1.397716426
150, 1.997494987, 1.070737202, 1.398246491
151, 1.998152472, 1.060758881, 1.398706731
152, 1.998710144, 1.050774485, 1.399097101
153, 1.999167945, 1.040785011, 1.399417562
154, 1.999525831, 1.030791459, 1.399668081
155, 1.999783764, 1.020794828, 1.399848635
156, 1.99994172, 1.010796117, 1.399959204
157, 1.999999683, 1.000796327, 1.399999778
158, 1.999957646, 0.990796457, 1.399970353
159, 1.999815615, 0.980797507, 1.399870931
160, 1.999573603, 0.970800478, 1.399701522
161, 1.999231634, 0.960806368, 1.399462144
162, 1.998789743, 0.950816178, 1.39915282
163, 1.998247974, 0.940830906, 1.398773582
164, 1.997606381, 0.930851551, 1.398324467
165, 1.996865028, 0.920879111, 1.39780552
166, 1.99602399, 0.910914583, 1.397216793
167, 1.99508335, 0.900958963, 1.396558345
168, 1.994043202, 0.891013248, 1.395830242
169, 1.992903651, 0.881078431, 1.395032556
170, 1.99166481, 0.871155506, 1.394165367
171, 1.990326804, 0.861245465, 1.393228763
172, 1.988889766, 0.8513493, 1.392222836
173, 1.98735384, 0.841467999, 1.391147688
174, 1.985719179, 0.831602552, 1.390003425
175, 1.983985947, 0.821753944, 1.388790163
176, 1.982154317, 0.811923161, 1.387508022
177, 1.980224473, 0.802111185, 1.386157131
178, 1.978196607, 0.792318998, 1.384737625
179, 1.976070922, 0.782547579, 1.383249645
180, 1.973847631, 0.772797905, 1.381693342
181, 1.971526956, 0.763070951, 1.380068869
182, 1.969109129, 0.75336769, 1.37837639
183, 1.966594392, 0.743689092, 1.376616074
184, 1.963982996, 0.734036124, 1.374788097
185, 1.961275203, 0.724409753, 1.372892642
186, 1.958471283, 0.714810941, 1.370929898
187, 1.955571517, 0.705240647, 1.368900062
188, 1.952576194, 0.695699829, 1.366803336
189, 1.949485615, 0.686189441, 1.36463993
190, 1.946300088, 0.676710433, 1.362410061
191, 1.943019931, 0.667263754, 1.360113952
192, 1.939645474, 0.657850349, 1.357751832
193, 1.936177052, 0.648471158, 1.355323937
194, 1.932615014, 0.63912712, 1.35283051
195, 1.928959715, 0.629819169, 1.350271801
196, 1.925211521, 0.620548235, 1.347648065
197, 1.921370806, 0.611315247, 1.344959564
198, 1.917437955, 0.602121126, 1.342206569
199, 1.913413361, 0.592966793, 1.339389353
200, 1.909297427, 0.583853163, 1.336508199
201, 1.905090563, 0.574781148, 1.333563394
202, 1.900793192, 0.565751654, 1.330555234
203, 1.896405741, 0.556765584, 1.327484019
204, 1.891928651, 0.547823838, 1.324350056
205, 1.887362369, 0.538927309, 1.321153658
206, 1.882707351, 0.530076886, 1.317895146
207, 1.877964063, 0.521273456, 1.314574844
208, 1.87313298, 0.512517898, 1.311193086
209, 1.868214583, 0.503811087, 1.307750208
210, 1.863209367, 0.495153895, 1.304246557
211, 1.85811783, 0.486547188, 1.300682481
212, 1.852940482, 0.477991825, 1.297058337
213, 1.84767784, 0.469488662, 1.293374488
214, 1.842330432, 0.461038551, 1.289631302
215, 1.836898791, 0.452642335, 1.285829154
216, 1.831383461, 0.444300854, 1.281968423
217, 1.825784993, 0.436014942, 1.278049495
218, 1.820103948, 0.427785429, 1.274072763
219, 1.814340892, 0.419613137, 1.270038625
220, 1.808496404, 0.411498883, 1.265947483
221, 1.802571066, 0.403443478, 1.261799746
222, 1.796565472, 0.395447729, 1.257595831
223, 1.790480222, 0.387512434, 1.253336156
224, 1.784315925, 0.379638388, 1.249021148
225, 1.778073197, 0.371826377, 1.244651238
226, 1.771752662, 0.364077183, 1.240226863
227, 1.765354953, 0.356391581, 1.235748467
228, 1.758880708, 0.348770339, 1.231216496
229, 1.752330576, 0.34121422, 1.226631403
230, 1.745705212, 0.333723979, 1.221993649
231, 1.739005278, 0.326300364, 1.217303695
232, 1.732231444, 0.318944119, 1.212562011
233, 1.725384387, 0.31165598, 1.207769071
234, 1.718464793, 0.304436674, 1.202925355
235, 1.711473353, 0.297286923, 1.198031347
236, 1.704410766, 0.290207444, 1.193087536
237, 1.697277738, 0.283198943, 1.188094417
238, 1.690074984, 0.276262121, 1.183052488
239, 1.682803222, 0.269397673, 1.177962255
240, 1.675463181, 0.262606284, 1.172824226
241, 1.668055593, 0.255888635, 1.167638915
242, 1.660581201, 0.249245395, 1.162406841
243, 1.653040752, 0.242677231, 1.157128526
244, 1.645434998, 0.236184798, 1.151804499
245, 1.637764702, 0.229768746, 1.146435291
246, 1.63003063, 0.223429716, 1.141021441
247, 1.622233555, 0.217168343, 1.135563489
248, 1.614374258, 0.210985253, 1.13006198
249, 1.606453523, 0.204881063, 1.124517466
250, 1.598472144, 0.198856384, 1.118930501
251, 1.590430918, 0.19291182, 1.113301643
252, 1.58233065, 0.187047963, 1.107631455
253, 1.574172148, 0.181265401, 1.101920504
254, 1.56595623, 0.175564711, 1.096169361
255, 1.557683717, 0.169946465, 1.090378602
256, 1.549355436, 0.164411223, 1.084548805
257, 1.54097222, 0.158959539, 1.078680554
258, 1.532534908, 0.153591959, 1.072774435
259, 1.524044342, 0.148309019, 1.066831039
260, 1.515501372, 0.143111247, 1.06085096
261, 1.506906852, 0.137999163, 1.054834797
262, 1.498261642, 0.132973279, 1.04878315
263, 1.489566607, 0.128034096, 1.042696625
264, 1.480822615, 0.12318211, 1.03657583
265, 1.472030541, 0.118417804, 1.030421379
266, 1.463191265, 0.113741656, 1.024233885
267, 1.45430567, 0.109154133, 1.018013969
268, 1.445374645, 0.104655694, 1.011762251
269, 1.436399082, 0.100246789, 1.005479358
270, 1.42737988, 0.095927858, 0.999165916
271, 1.418317941, 0.091699334, 0.992822558
272, 1.40921417, 0.087561639, 0.986449919
273, 1.400069478, 0.083515187, 0.980048634
274, 1.390884779, 0.079560382, 0.973619345
275, 1.381660992, 0.075697621, 0.967162694
276, 1.372399039, 0.07192729, 0.960679328
277, 1.363099847, 0.068249765, 0.954169893
278, 1.353764345, 0.064665414, 0.947635042
279, 1.344393467, 0.061174596, 0.941075427
280, 1.33498815, 0.057777659, 0.934491705
281, 1.325549335, 0.054474944, 0.927884534
282, 1.316077964, 0.051266781, 0.921254575
283, 1.306574986, 0.04815349, 0.91460249
284, 1.297041351, 0.045135384, 0.907928946
285, 1.287478012, 0.042212762, 0.901234609
286, 1.277885926, 0.039385919, 0.894520148
287, 1.268266051, 0.036655137, 0.887786236
288, 1.25861935, 0.034020688, 0.881033545
289, 1.248946787, 0.031482836, 0.874262751
290, 1.239249329, 0.029041835, 0.86747453
291, 1.229527947, 0.026697929, 0.860669563
292, 1.219783612, 0.024451352, 0.853848529
293, 1.210017299, 0.02230233, 0.847012109
294, 1.200229985, 0.020251076, 0.840160989
295, 1.190422647, 0.018297797, 0.833295853
296, 1.180596268, 0.016442687, 0.826417388
297, 1.170751829, 0.014685932, 0.81952628
298, 1.160890315, 0.013027707, 0.81262322
299, 1.151012712, 0.011468179, 0.805708898
300, 0.010007503, 0.010007503, 0.798784006
301, 0.008645826, 0.008645826, 0.791849235
302, 0.007383283, 0.007383283, 0.784905279
303, 0.006220001, 0.006220001, 0.777952832
304, 0.005156097, 0.005156097, 0.77099259
305, 0.004191675, 0.004191675, 0.76402525
306, 0.003326834, 0.003326834, 0.757051506
307, 0.00256166, 0.00256166, 0.750072058
308, 0.001896228, 0.001896228, 0.743087602
309, 0.001330606, 0.001330606, 0.736098838
310, 0.00086485, 0.00086485, 0.729106464
311, 0.000499006, 0.000499006, 0.722111179
312, 0.000233112, 0.000233112, 0.715113683
313, 6.71941E-05, 6.71941E-05, 0.708114676
314, 1.26827E-06, 1.26827E-06, 0.701114857
315, 3.53415E-05, 3.53415E-05, 0.694114927
316, 0.00016941, 0.00016941, 0.687115585
317, 0.000403462, 0.000403462, 0.680117532
318, 0.000737471, 0.000737471, 0.673121467
319, 0.001171407, 0.001171407, 0.66612809
320, 0.001705224, 0.001705224, 0.6591381
321, 0.00233887, 0.00233887, 0.652152196
322, 0.003072282, 0.003072282, 0.645171077
323, 0.003905385, 0.003905385, 0.63819544
324, 0.004838097, 0.004838097, 0.631225984
325, 0.005870324, 0.005870324, 0.624263406
326, 0.007001963, 0.007001963, 0.617308401
327, 0.008232902, 0.008232902, 0.610361665
328, 0.009563016, 0.009563016, 0.603423893
329, 0.010992173, 0.010992173, 0.596495778
330, 0.01252023, 0.01252023, 0.589578014
331, 0.014147034, 0.014147034, 0.582671292
332, 0.015872423, 0.015872423, 0.575776303
333, 0.017696224, 0.017696224, 0.568893736
334, 0.019618254, 0.019618254, 0.562024279
335, 0.021638321, 0.021638321, 0.55516862
336, 0.023756224, 0.023756224, 0.548327444
337, 0.025971751, 0.025971751, 0.541501435
338, 0.028284679, 0.028284679, 0.534691276
339, 0.030694778, 0.030694778, 0.527897647
340, 0.033201807, 0.033201807, 0.521121229
341, 0.035805515, 0.035805515, 0.514362698
342, 0.038505642, 0.038505642, 0.507622731
343, 0.041301917, 0.041301917, 0.500902001
344, 0.044194061, 0.044194061, 0.494201181
345, 0.047181785, 0.047181785, 0.487520941
346, 0.05026479, 0.05026479, 0.480861949
347, 0.053442768, 0.053442768, 0.47422487
348, 0.056715401, 0.056715401, 0.467610368
349, 0.060082361, 0.060082361, 0.461019105
350, 0.063543313, 0.063543313, 0.454451741
351, 0.067097909, 0.067097909, 0.44790893
352, 0.070745795, 0.070745795, 0.441391329
353, 0.074486605, 0.074486605, 0.434899588
354, 0.078319966, 0.078319966, 0.428434357
355, 0.082245494, 0.082245494, 0.421996283
356, 0.086262797, 0.086262797, 0.415586008
357, 0.090371473, 0.090371473, 0.409204175
358, 0.094571111, 0.094571111, 0.402851421
359, 0.098861291, 0.098861291, 0.396528382
360, 0.103241584, 0.103241584, 0.39023569
361, 0.107711552, 0.107711552, 0.383973973
362, 0.112270748, 0.112270748, 0.37774386
363, 0.116918717, 0.116918717, 0.371545971
364, 0.121654993, 0.121654993, 0.365380928
365, 0.126479102, 0.126479102, 0.359249346
366, 0.131390563, 0.131390563, 0.353151839
367, 0.136388885, 0.136388885, 0.347089017
368, 0.141473566, 0.141473566, 0.341061485
369, 0.1466441, 0.1466441, 0.335069847
370, 0.151899968, 0.151899968, 0.329114701
371, 0.157240646, 0.157240646, 0.323196644
372, 0.162665599, 0.162665599, 0.317316267
373, 0.168174285, 0.168174285, 0.311474158
374, 0.173766152, 0.173766152, 0.305670901
375, 0.179440643, 0.179440643, 0.299907077
376, 0.185197188, 0.185197188, 0.294183262
377, 0.191035213, 0.191035213, 0.288500028
378, 0.196954134, 0.196954134, 0.282857943
379, 0.202953359, 0.202953359, 0.277257573
380, 0.209032288, 0.209032288, 0.271699476
381, 0.215190313, 0.215190313, 0.266184209
382, 0.221426818, 0.221426818, 0.260712324
383, 0.22774118, 0.22774118, 0.255284367
384, 0.234132768, 0.234132768, 0.249900881
385, 0.240600941, 0.240600941, 0.244562404
386, 0.247145053, 0.247145053, 0.239269471
387, 0.253764451, 0.253764451, 0.23402261
388, 0.260458471, 0.260458471, 0.228822347
389, 0.267226445, 0.267226445, 0.223669202
390, 0.274067696, 0.274067696, 0.218563689
391, 0.305009027, 0.280981539, 0.213506319
392, 0.297853711, 0.287967284, 0.208497598
393, 0.29076861, 0.295024231, 0.203538027
394, 0.283754431, 0.302151675, 0.198628102
395, 0.276811876, 0.309348903, 0.193768313
396, 0.269941639, 0.316615196, 0.188959147
397, 0.263144408, 0.323949827, 0.184201085
398, 0.256420861, 0.331352063, 0.179494603
399, 0.249771672, 0.338821162, 0.17484017
400, 0.243197505, 0.346356379, 0.170238253
401, 0.236699017, 0.35395696, 0.165689312
402, 0.230276859, 0.361622144, 0.161193801
403, 0.223931673, 0.369351166, 0.156752171
404, 0.217664093, 0.377143252, 0.152364865
405, 0.211474746, 0.384997623, 0.148032322
406, 0.20536425, 0.392913494, 0.143754975
407, 0.199333218, 0.400890074, 0.139533252
408, 0.193382251, 0.408926563, 0.135367576
409, 0.187511946, 0.41702216, 0.131258362
410, 0.181722889, 0.425176053, 0.127206022
411, 0.176015659, 0.433387429, 0.123210961
412, 0.170390826, 0.441655466, 0.119273578
413, 0.164848954, 0.449979336, 0.115394268
414, 0.159390596, 0.458358208, 0.111573418
415, 0.154016299, 0.466791244, 0.107811409
416, 0.148726599, 0.4752776, 0.104108619
417, 0.143522026, 0.483816428, 0.100465418
418, 0.1384031, 0.492406874, 0.09688217
419, 0.133370333, 0.501048079, 0.093359233
420, 0.128424228, 0.509739179, 0.089896959
421, 0.12356528, 0.518479304, 0.086495696
422, 0.118793974, 0.527267581, 0.083155782
423, 0.114110789, 0.536103131, 0.079877552
424, 0.109516191, 0.54498507, 0.076661334
425, 0.105010642, 0.55391251, 0.073507449
426, 0.10059459, 0.562884559, 0.070416213
427, 0.096268479, 0.571900318, 0.067387935
428, 0.092032739, 0.580958888, 0.064422918
429, 0.087887796, 0.590059361, 0.061521457
430, 0.083834063, 0.599200828, 0.058683844
431, 0.079871946, 0.608382374, 0.055910362
432, 0.076001841, 0.617603082, 0.053201289
433, 0.072224135, 0.62686203, 0.050556895
434, 0.068539206, 0.63615829, 0.047977444
435, 0.064947422, 0.645490935, 0.045463196
436, 0.061449143, 0.65485903, 0.0430144
437, 0.058044718, 0.664261639, 0.040631303
438, 0.054734488, 0.673697822, 0.038314141
439, 0.051518783, 0.683166634, 0.036063148
440, 0.048397926, 0.69266713, 0.033878548
441, 0.045372228, 0.702198359, 0.03176056
442, 0.042441993, 0.711759367, 0.029709395
443, 0.039607512, 0.7213492, 0.027725258
444, 0.036869069, 0.730966897, 0.025808349
445, 0.034226939, 0.740611497, 0.023958858
446, 0.031681386, 0.750282036, 0.02217697
447, 0.029232663, 0.759977547, 0.020462864
448, 0.026881017, 0.769697059, 0.018816712
449, 0.024626681, 0.779439602, 0.017238677
450, 0.022469882, 0.789204201, 0.015728918
451, 0.020410836, 0.798989879, 0.014287585
452, 0.018449747, 0.808795657, 0.012914823
453, 0.016586812, 0.818620556, 0.011610769
454, 0.014822218, 0.828463593, 0.010375553
455, 0.013156141, 0.838323784, 0.009209299
456, 0.011588748, 0.848200142, 0.008112124
457, 0.010120195, 0.858091679, 0.007084136
458, 0.008750629, 0.867997408, 0.00612544
459, 0.007480187, 0.877916336, 0.005236131
460, 0.006308996, 0.887847473, 0.004416297
461, 0.005237174, 0.897789825, 0.003666022
462, 0.004264827, 0.907742398, 0.002985379
463, 0.003392053, 0.917704197, 0.002374437
464, 0.002618938, 0.927674225, 0.001833257
465, 0.001945561, 0.937651485, 0.001361893
466, 0.001371989, 0.947634981, 0.000960392
467, 0.000898278, 0.957623713, 0.000628795
468, 0.000524477, 0.967616682, 0.000367134
469, 0.000250623, 0.97761289, 0.000175436
470, 7.67424E-05, 0.987611337, 5.37197E-05
471, 2.85361E-06, 0.997611022, 1.99753E-06
472, 2.89637E-05, 1.007610946, 2.02746E-05
473, 0.00015507, 1.017610109, 0.000108549
474, 0.00038116, 1.027607511, 0.000266812
475, 0.000707211, 1.037602153, 0.000495048
476, 0.001133191, 1.047593034, 0.000793233
477, 0.001659056, 1.057579156, 0.001161339
478, 0.002284754, 1.06755952, 0.001599328
479, 0.003010224, 1.077533128, 0.002107157
480, 0.003835391, 1.087498983, 0.002684774
481, 0.004760174, 1.097456089, 0.003332122
482, 0.00578448, 1.107403448, 0.004049136
483, 0.006908207, 1.117340068, 0.004835745
484, 0.008131243, 1.127264953, 0.00569187
485, 0.009453464, 1.137177112, 0.006617425
486, 0.010874739, 1.147075554, 0.007612317
487, 0.012394926, 1.156959288, 0.008676448
488, 0.014013873, 1.166827326, 0.009809711
489, 0.015731417, 1.176678681, 0.011011992
490, 0.017547387, 1.186512369, 0.012283171
491, 0.019461602, 1.196327406, 0.013623122
492, 0.02147387, 1.206122811, 0.015031709
493, 0.02358399, 1.215897603, 0.016508793
494, 0.02579175, 1.225650805, 0.018054225
495, 0.028096931, 1.235381443, 0.019667851
496, 0.030499301, 1.245088543, 0.02134951
497, 0.03299862, 1.254771134, 0.023099034
498, 0.035594638, 1.264428248, 0.024916247
499, 0.038287097, 1.27405892, 0.026800968
500, 0.041075725, 1.283662185, 0.028753008
501, 0.043960246, 1.293237085, 0.030772172
502, 0.046940369, 1.302782662, 0.032858259
503, 0.050015798, 1.31229796, 0.035011059
504, 0.053186224, 1.321782029, 0.037230357
505, 0.056451331, 1.33123392, 0.039515932
506, 0.059810792, 1.340652688, 0.041867555
507, 0.063264272, 1.350037391, 0.04428499
508, 0.066811424, 1.35938709, 0.046767996
509, 0.070451894, 1.368700851, 0.049316326
510, 0.074185318, 1.377977743, 0.051929722
511, 0.078011322, 1.387216837, 0.054607926
512, 0.081929525, 1.396417209, 0.057350668
513, 0.085939534, 1.40557794, 0.060157674
514, 0.090040949, 1.414698114, 0.063028664
515, 0.094233359, 1.423776818, 0.065963351
516, 0.098516344, 1.432813144, 0.068961441
517, 0.102889477, 1.44180619, 0.072022634
518, 0.107352321, 1.450755056, 0.075146624
519, 0.111904428, 1.459658846, 0.0783331
520, 0.116545344, 1.468516671, 0.081581741
521, 0.121274605, 1.477327645, 0.084892224
522, 0.126091738, 1.486090886, 0.088264217
523, 0.130996261, 1.494805519, 0.091697383
524, 0.135987684, 1.503470671, 0.095191378
525, 0.141065507, 1.512085477, 0.098745855
526, 0.146229222, 1.520649075, 0.102360456
527, 0.151478315, 1.529160608, 0.10603482
528, 0.156812258, 1.537619226, 0.109768581
529, 0.16223052, 1.546024082, 0.113561364
530, 0.167732558, 1.554374336, 0.11741279
531, 0.173317822, 1.562669153, 0.121322475
532, 0.178985753, 1.570907704, 0.125290027
533, 0.184735786, 1.579089165, 0.12931505
534, 0.190567344, 1.587212717, 0.13339714
535, 0.196479844, 1.595277548, 0.137535891
536, 0.202472696, 1.603282852, 0.141730887
537, 0.2085453, 1.611227828, 0.14598171
538, 0.214697049, 1.619111682, 0.150287934
539, 0.220927327, 1.626933625, 0.154649129
540, 0.227235512, 1.634692876, 0.159064859
541, 0.233620973, 1.642388658, 0.163534681
542, 0.240083071, 1.650020201, 0.16805815
543, 0.246621161, 1.657586743, 0.172634812
544, 0.253234587, 1.665087527, 0.177264211
545, 0.25992269, 1.672521802, 0.181945883
546, 0.266684799, 1.679888826, 0.186679359
547, 0.273520239, 1.687187862, 0.191464168
548, 0.280428327, 1.694418179, 0.196299829
549, 0.287408372, 1.701579055, 0.20118586
550, 0.294459674, 1.708669774, 0.206121772
551, 0.301581531, 1.715689627, 0.211107072
552, 0.308773228, 1.722637911, 0.21614126
553, 0.316034048, 1.729513932, 0.221223834
554, 0.323363264, 1.736317002, 0.226354285
555, 0.330760143, 1.743046441, 0.2315321
556, 0.338223945, 1.749701576, 0.236756762
557, 0.345753924, 1.756281741, 0.242027747
558, 0.353349328, 1.762786279, 0.247344529
559, 0.361009396, 1.769214539, 0.252706577
560, 0.368733362, 1.775565879, 0.258113353
561, 0.376520455, 1.781839662, 0.263564318
562, 0.384369895, 1.788035262, 0.269058926
563, 0.392280897, 1.794152059, 0.274596628
564, 0.400252671, 1.800189441, 0.28017687
565, 0.408284419, 1.806146805, 0.285799094
566, 0.416375339, 1.812023555, 0.291462737
567, 0.42452462, 1.817819104, 0.297167234
568, 0.432731448, 1.823532871, 0.302912014
569, 0.440995003, 1.829164286, 0.308696502
570, 0.449314457, 1.834712785, 0.31452012
571, 0.45768898, 1.840177813, 0.320382286
572, 0.466117734, 1.845558824, 0.326282414
573, 0.474599875, 1.850855281, 0.332219912
574, 0.483134556, 1.856066652, 0.338194189
575, 0.491720923, 1.861192417, 0.344204646
576, 0.500358117, 1.866232064, 0.350250682
577, 0.509045275, 1.871185088, 0.356331693
578, 0.517781528, 1.876050995, 0.36244707
579, 0.526566003, 1.880829297, 0.368596202
580, 0.535397821, 1.885519517, 0.374778474
581, 0.544276098, 1.890121186, 0.380993269
582, 0.553199948, 1.894633843, 0.387239963
583, 0.562168477, 1.899057038, 0.393517934
584, 0.571180789, 1.903390328, 0.399826552
585, 0.580235982, 1.907633279, 0.406165188
586, 0.589333152, 1.911785468, 0.412533206
587, 0.598471388, 1.915846479, 0.418929971
588, 0.607649776, 1.919815906, 0.425354843
589, 0.616867399, 1.923693353, 0.431807179
590, 0.626123335, 1.927478431, 0.438286335
591, 0.635416659, 1.931170762, 0.444791661
592, 0.64474644, 1.934769976, 0.451322508
593, 0.654111747, 1.938275714, 0.457878223
594, 0.663511642, 1.941687626, 0.464458149
595, 0.672945185, 1.945005369, 0.47106163
596, 0.682411434, 1.948228613, 0.477688004
597, 0.691909441, 1.951357035, 0.484336609
598, 0.701438258, 1.954390322, 0.49100678
599, 0.71099693, 1.95732817, 0.497697851
600, 0.720584502, 1.960170287, 0.504409151
601, 0.730200015, 1.962916387, 0.511140011
602, 0.739842509, 1.965566196, 0.517889756
603, 0.749511017, 1.96811945, 0.524657712
604, 0.759204575, 1.970575893, 0.531443202
605, 0.768922212, 1.972935278, 0.538245548
606, 0.778662956, 1.975197371, 0.545064069
607, 0.788425834, 1.977361945, 0.551898084
608, 0.798209869, 1.979428784, 0.558746908
609, 0.808014083, 1.981397681, 0.565609858
610, 0.817837496, 1.983268438, 0.572486247
611, 0.827679124, 1.98504087, 0.579375387
612, 0.837537985, 1.986714799, 0.586276589
613, 0.847413091, 1.988290056, 0.593189164
614, 0.857303456, 1.989766486, 0.60011242
615, 0.867208091, 1.99114394, 0.607045664
616, 0.877126005, 1.99242228, 0.613988203
617, 0.887056206, 1.993601379, 0.620939344
618, 0.896997701, 1.994681118, 0.627898391
619, 0.906949497, 1.99566139, 0.634864648
620, 0.916910597, 1.996542097, 0.641837418
621, 0.926880006, 1.997323151, 0.648816005
622, 0.936856728, 1.998004473, 0.655799709
623, 0.946839763, 1.998585995, 0.662787834
624, 0.956828115, 1.99906766, 0.66977968
625, 0.966820783, 1.999449418, 0.676774548
626, 0.97681677, 1.999731233, 0.683771739
627, 0.986815075, 1.999913075, 0.690770552
628, 0.996814698, 1.999994927, 0.697770289
629, 1.00681464, 1.99997678, 0.704770248
630, 1.0168139, 1.999858636, 0.71176973
631, 1.02681148, 1.999640508, 0.718768036
632, 1.036806377, 1.999322416, 0.725764464
633, 1.046797595, 1.998904392, 0.732758316
634, 1.056784132, 1.998386479, 0.739748893
635, 1.066764992, 1.997768729, 0.746735494
636, 1.076739174, 1.997051202, 0.753717422
637, 1.086705683, 1.996233971, 0.760693978
638, 1.096663522, 1.995317117, 0.767664465
639, 1.106611694, 1.994300733, 0.774628186
640, 1.116549205, 1.993184919, 0.781584443
641, 1.126475061, 1.991969787, 0.788532543
642, 1.13638827, 1.99065546, 0.795471789
643, 1.14628784, 1.989242067, 0.802401488
644, 1.156172782, 1.987729752, 0.809320947
645, 1.166042106, 1.986118664, 0.816229474
646, 1.175894826, 1.984408965, 0.823126378
647, 1.185729957, 1.982600826, 0.83001097
648, 1.195546515, 1.980694428, 0.836882561
649, 1.205343519, 1.978689961, 0.843740463
650, 1.215119988, 1.976587626, 0.850583992
651, 1.224874946, 1.974387633, 0.857412462
652, 1.234607416, 1.972090202, 0.864225191
653, 1.244316426, 1.969695563, 0.871021498
654, 1.254001004, 1.967203955, 0.877800703
655, 1.263660182, 1.964615627, 0.884562128
656, 1.273292995, 1.961930839, 0.891305096
657, 1.282898479, 1.959149858, 0.898028935
658, 1.292475672, 1.956272964, 0.904732971
659, 1.302023619, 1.953300442, 0.911416533
660, 1.311541364, 1.950232592, 0.918078954
661, 1.321027954, 1.947069719, 0.924719568
662, 1.330482442, 1.94381214, 0.93133771
663, 1.339903882, 1.94046018, 0.937932718
664, 1.349291332, 1.937014176, 0.944503933
665, 1.358643853, 1.93347447, 0.951050697
666, 1.367960511, 1.929841418, 0.957572357
667, 1.377240372, 1.926115383, 0.96406826
668, 1.38648251, 1.922296736, 0.970537757
669, 1.395685999, 1.918385861, 0.976980199
670, 1.404849921, 1.914383148, 0.983394944
671, 1.413973357, 1.910288998, 0.98978135
672, 1.423055397, 1.906103819, 0.996138778
673, 1.432095132, 1.901828031, 1.002466592
674, 1.441091657, 1.89746206, 1.00876416
675, 1.450044074, 1.893006345, 1.015030852
676, 1.458951486, 1.888461329, 1.02126604
677, 1.467813004, 1.883827468, 1.027469103
678, 1.476627741, 1.879105225, 1.033639419
679, 1.485394816, 1.874295072, 1.039776371
680, 1.494113351, 1.86939749, 1.045879346
681, 1.502782476, 1.86441297, 1.051947733
682, 1.511401322, 1.859342008, 1.057980926
683, 1.519969029, 1.854185114, 1.063978321
684, 1.52848474, 1.848942801, 1.069939318
685, 1.536947602, 1.843615595, 1.075863322
686, 1.545356771, 1.838204028, 1.081749739
687, 1.553711404, 1.832708641, 1.087597983
688, 1.562010666, 1.827129985, 1.093407466
689, 1.570253728, 1.821468615, 1.099177609
690, 1.578439764, 1.8157251, 1.104907835
691, 1.586567958, 1.809900013, 1.11059757
692, 1.594637495, 1.803993936, 1.116246246
693, 1.602647568, 1.798007461, 1.121853298
694, 1.610597378, 1.791941186, 1.127418165
695, 1.618486128, 1.785795717, 1.13294029
696, 1.62631303, 1.77957167, 1.138419121
697, 1.634077302, 1.773269665, 1.143854111
698, 1.641778166, 1.766890335, 1.149244716
699, 1.649414853, 1.760434316, 1.154590397
700, 1.656986599, 1.753902254, 1.159890619
701, 1.664492647, 1.747294803, 1.165144853
702, 1.671932246, 1.740612623, 1.170352572
703, 1.679304652, 1.733856382, 1.175513257
704, 1.686609129, 1.727026756, 1.18062639
705, 1.693844945, 1.720124428, 1.185691461
706, 1.701011377, 1.713150089, 1.190707964
707, 1.708107709, 1.706104435, 1.195675396
708, 1.715133231, 1.698988171, 1.200593261
709, 1.722087239, 1.691802008, 1.205461068
710, 1.72896904, 1.684546666, 1.210278328
711, 1.735777945, 1.67722287, 1.215044561
712, 1.742513272, 1.669831353, 1.21975929
713, 1.749174348, 1.662372853, 1.224422044
714, 1.755760508, 1.654848116, 1.229032356
715, 1.762271092, 1.647257894, 1.233589765
716, 1.76870545, 1.639602948, 1.238093815
717, 1.775062938, 1.631884042, 1.242544057
718, 1.78134292, 1.624101947, 1.246940044
719, 1.787544769, 1.616257444, 1.251281338
720, 1.793667864, 1.608351315, 1.255567505
721, 1.799711593, 1.600384351, 1.259798115
722, 1.805675351, 1.592357349, 1.263972746
723, 1.811558542, 1.584271112, 1.268090979
724, 1.817360578, 1.576126449, 1.272152405
725, 1.823080879, 1.567924173, 1.276156615
726, 1.828718872, 1.559665106, 1.280103211
727, 1.834273995, 1.551350072, 1.283991796
728, 1.83974569, 1.542979904, 1.287821983
729, 1.845133412, 1.534555438, 1.291593388
730, 1.850436621, 1.526077517, 1.295305634
731, 1.855654787, 1.517546989, 1.298958351
732, 1.860787388, 1.508964707, 1.302551172
733, 1.865833911, 1.500331528, 1.306083738
734, 1.870793852, 1.491648317, 1.309555696
735, 1.875666714, 1.482915942, 1.3129667
736, 1.88045201, 1.474135275, 1.316316407
737, 1.885149261, 1.465307195, 1.319604483
738, 1.889757998, 1.456432585, 1.322830599
739, 1.894277761, 1.447512332, 1.325994432
740, 1.898708096, 1.438547328, 1.329095667
741, 1.903048561, 1.429538469, 1.332133993
742, 1.907298722, 1.420486657, 1.335109105
743, 1.911458154, 1.411392797, 1.338020708
744, 1.915526441, 1.402257798, 1.340868509
745, 1.919503176, 1.393082574, 1.343652223
746, 1.923387961, 1.383868041, 1.346371573
747, 1.927180409, 1.374615122, 1.349026286
748, 1.930880139, 1.365324742, 1.351616097
749, 1.934486782, 1.35599783, 1.354140747
750, 1.937999977, 1.346635318, 1.356599984
751, 1.941419373, 1.337238143, 1.358993561
752, 1.944744627, 1.327807244, 1.361321239
753, 1.947975408, 1.318343565, 1.363582786
754, 1.951111392, 1.308848052, 1.365777975
755, 1.954152266, 1.299321654, 1.367906586
756, 1.957097726, 1.289765325, 1.369968408
757, 1.959947476, 1.280180019, 1.371963233
758, 1.962701233, 1.270566695, 1.373890863
759, 1.96535872, 1.260926315, 1.375751104
760, 1.967919672, 1.251259843, 1.37754377
761, 1.970383833, 1.241568244, 1.379268683
762, 1.972750956, 1.231852489, 1.380925669
763, 1.975020806, 1.222113549, 1.382514564
764, 1.977193153, 1.212352398, 1.384035207
765, 1.979267783, 1.202570012, 1.385487448
766, 1.981244486, 1.192767369, 1.38687114
767, 1.983123066, 1.182945449, 1.388186146
768, 1.984903334, 1.173105235, 1.389432334
769, 1.986585113, 1.163247711, 1.390609579
770, 1.988168234, 1.153373862, 1.391717764
771, 1.989652539, 1.143484676, 1.392756777
772, 1.99103788, 1.133581141, 1.393726516
773, 1.992324117, 1.123664249, 1.394626882
774, 1.993511123, 1.11373499, 1.395457786
775, 1.994598779, 1.103794357, 1.396219145
776, 1.995586976, 1.093843346, 1.396910883
777, 1.996475615, 1.08388295, 1.39753293
778, 1.997264607, 1.073914165, 1.398085225
779, 1.997953873, 1.06393799, 1.398567711
780, 1.998543345, 1.053955421, 1.398980342
781, 1.999032964, 1.043967456, 1.399323075
782, 1.99942268, 1.033975094, 1.399595876
783, 1.999712454, 1.023979335, 1.399798718
784, 1.999902259, 1.013981178, 1.399931581
785, 1.999992073, 1.003981623, 1.399994451
786, 1.99998189, 0.99398167, 1.399987323
787, 1.999871709, 0.983982319, 1.399910196
788, 1.999661541, 0.973984569, 1.399763079
789, 1.999351409, 0.963989421, 1.399545986
790, 1.998941342, 0.953997874, 1.399258939
791, 1.998431382, 0.944010928, 1.398901967
792, 1.997821579, 0.93402958, 1.398475105
793, 1.997111995, 0.924054829, 1.397978397
794, 1.996302701, 0.914087672, 1.397411891
795, 1.995393777, 0.904129107, 1.396775644
796, 1.994385315, 0.894180128, 1.396069721
797, 1.993277415, 0.884241732, 1.395294191
798, 1.992070188, 0.874314911, 1.394449132
799, 1.990763755, 0.864400659, 1.393534629
800, 1.989358247, 0.854499966, 1.392550773
801, 1.987853803, 0.844613824, 1.391497662
802, 1.986250575, 0.834743219, 1.390375402
803, 1.984548723, 0.824889141, 1.389184106
804, 1.982748416, 0.815052573, 1.387923891
805, 1.980849836, 0.8052345, 1.386594885
806, 1.978853171, 0.795435903, 1.38519722
807, 1.976758622, 0.785657763, 1.383731035
808, 1.974566398, 0.775901057, 1.382196478
809, 1.972276718, 0.76616676, 1.380593702
810, 1.969889811, 0.756455846, 1.378922868
811, 1.967405916, 0.746769287, 1.377184141
812, 1.964825281, 0.73710805, 1.375377697
813, 1.962148164, 0.727473103, 1.373503715
814, 1.959374834, 0.717865408, 1.371562384
815, 1.956505567, 0.708285926, 1.369553897
816, 1.95354065, 0.698735615, 1.367478455
817, 1.950480379, 0.689215431, 1.365336266
818, 1.947325062, 0.679726325, 1.363127543
819, 1.944075013, 0.670269245, 1.360852509
820, 1.940730557, 0.660845139, 1.35851139
821, 1.937292028, 0.651454948, 1.35610442
822, 1.933759772, 0.642099611, 1.35363184
823, 1.93013414, 0.632780064, 1.351093898
824, 1.926415495, 0.623497238, 1.348490847
825, 1.92260421, 0.614252063, 1.345822947
826, 1.918700665, 0.605045461, 1.343090466
827, 1.914705251, 0.595878355, 1.340293676
828, 1.910618367, 0.586751661, 1.337432857
829, 1.906440422, 0.577666292, 1.334508295
830, 1.902171834, 0.568623155, 1.331520284
831, 1.897813029, 0.559623156, 1.32846912
832, 1.893364444, 0.550667194, 1.325355111
833, 1.888826523, 0.541756165, 1.322178566
834, 1.88419972, 0.53289096, 1.318939804
835, 1.879484498, 0.524072465, 1.315639148
836, 1.874681328, 0.515301563, 1.312276929
837, 1.86979069, 0.50657913, 1.308853483
838, 1.864813075, 0.497906039, 1.305369152
839, 1.859748978, 0.489283157, 1.301824285
840, 1.854598908, 0.480711346, 1.298219236
841, 1.849363379, 0.472191463, 1.294554365
842, 1.844042913, 0.463724361, 1.290830039
843, 1.838638044, 0.455310887, 1.287046631
844, 1.833149313, 0.44695188, 1.283204519
845, 1.827577266, 0.438648178, 1.279304087
846, 1.821922463, 0.430400611, 1.275345724
847, 1.816185469, 0.422210003, 1.271329828
848, 1.810366856, 0.414077173, 1.267256799
849, 1.804467207, 0.406002936, 1.263127045
850, 1.798487113, 0.397988097, 1.258940979
851, 1.79242717, 0.39003346, 1.254699019
852, 1.786287985, 0.382139818, 1.25040159
853, 1.780070172, 0.374307962, 1.246049121
854, 1.773774353, 0.366538675, 1.241642047
855, 1.767401157, 0.358832733, 1.23718081
856, 1.760951221, 0.351190907, 1.232665855
857, 1.754425191, 0.343613962, 1.228097634
858, 1.747823719, 0.336102655, 1.223476604
859, 1.741147466, 0.328657737, 1.218803226
860, 1.734397098, 0.321279953, 1.214077969
861, 1.727573291, 0.31397004, 1.209301304
862, 1.720676727, 0.306728729, 1.204473709
863, 1.713708097, 0.299556745, 1.199595668
864, 1.706668096, 0.292454805, 1.194667667
865, 1.699557429, 0.285423619, 1.1896902
866, 1.692376806, 0.27846389, 1.184663764
867, 1.685126947, 0.271576314, 1.179588863
868, 1.677808575, 0.264761579, 1.174466003
869, 1.670422424, 0.258020368, 1.169295697
870, 1.66296923, 0.251353354, 1.164078461
871, 1.65544974, 0.244761205, 1.158814818
872, 1.647864706, 0.238244578, 1.153505294
873, 1.640214886, 0.231804126, 1.14815042
874, 1.632501045, 0.225440494, 1.142750731
875, 1.624723954, 0.219154316, 1.137306768
876, 1.616884391, 0.212946223, 1.131819074
877, 1.608983141, 0.206816834, 1.126288198
878, 1.601020992, 0.200766763, 1.120714695
879, 1.592998742, 0.194796615, 1.11509912
880, 1.584917193, 0.188906986, 1.109442035
881, 1.576777152, 0.183098466, 1.103744007
882, 1.568579435, 0.177371635, 1.098005604
883, 1.560324859, 0.171727067, 1.092227401
884, 1.552014252, 0.166165325, 1.086409976
885, 1.543648444, 0.160686966, 1.080553911
886, 1.535228271, 0.155292537, 1.07465979
887, 1.526754576, 0.149982579, 1.068728203
888, 1.518228206, 0.144757621, 1.062759744
889, 1.509650013, 0.139618187, 1.056755009
890, 1.501020856, 0.134564791, 1.0507146
891, 1.492341598, 0.129597937, 1.044639118
892, 1.483613105, 0.124718123, 1.038529174
893, 1.474836252, 0.119925836, 1.032385376
894, 1.466011915, 0.115221556, 1.026208341
895, 1.457140978, 0.110605753, 1.019998685
896, 1.448224327, 0.106078889, 1.013757029
897, 1.439262854, 0.101641416, 1.007483998
898, 1.430257455, 0.097293778, 1.001180218
899, 1.42120903, 0.09303641, 0.994846321
900, 1.412118485, 0.088869738, 0.98848294
901, 1.402986729, 0.084794178, 0.98209071
902, 1.393814674, 0.080810138, 0.975670272
903, 1.384603238, 0.076918016, 0.969222267
904, 1.375353342, 0.073118201, 0.962747339
905, 1.366065911, 0.069411074, 0.956246138
906, 1.356741874, 0.065797005, 0.949719311
907, 1.347382162, 0.062276356, 0.943167514
908, 1.337987713, 0.058849478, 0.936591399
909, 1.328559466, 0.055516714, 0.929991626
910, 1.319098362, 0.052278398, 0.923368854
911, 1.309605349, 0.049134853, 0.916723745
912, 1.300081376, 0.046086394, 0.910056963
913, 1.290527395, 0.043133326, 0.903369177
914, 1.280944362, 0.040275943, 0.896661053
915, 1.271333234, 0.037514532, 0.889933264
916, 1.261694973, 0.034849369, 0.883186481
917, 1.252030543, 0.03228072, 0.87642138
918, 1.24234091, 0.029808842, 0.869638637
919, 1.232627043, 0.027433982, 0.86283893
920, 1.222889914, 0.025156379, 0.85602294
921, 1.213130496, 0.022976258, 0.849191347
922, 1.203349765, 0.02089384, 0.842344835
923, 1.193548699, 0.018909331, 0.835484089
924, 1.183728279, 0.01702293, 0.828609795
925, 1.173889485, 0.015234827, 0.82172264
926, 1.164033303, 0.013545199, 0.814823312
927, 1.154160718, 0.011954215, 0.807912503
928, 1.144272717, 0.010462036, 0.800990902
929, 1.134370289, 0.009068809, 0.794059202
930, 1.124454424, 0.007774675, 0.787118096
931, 1.114526113, 0.006579762, 0.780168279
932, 1.10458635, 0.00548419, 0.773210445
933, 1.094636128, 0.00448807, 0.76624529
934, 1.084676443, 0.003591499, 0.75927351
935, 1.07470829, 0.002794569, 0.752295803
936, 1.064732667, 0.002097359, 0.745312867
937, 1.05475057, 0.001499937, 0.738325399
938, 1.044762998, 0.001002365, 0.731334099
939, 1.03477095, 0.000604692, 0.724339665
940, 1.024775425, 0.000306958, 0.717342798
941, 1.014777423, 0.000109192, 0.710344196
942, 1.004777943, 1.14144E-05, 0.70334456
943, 0.994777985, 1.36348E-05, 0.696344589
944, 0.984778549, 0.000115853, 0.689344984
945, 0.974780635, 0.000318059, 0.682346444
946, 0.964785243, 0.000620232, 0.67534967
947, 0.954793373, 0.001022342, 0.668355361
948, 0.944806023, 0.001524349, 0.661364216
949, 0.934824192, 0.002126203, 0.654376935
950, 0.92484888, 0.002827844, 0.647394216
951, 0.914881082, 0.003629201, 0.640416757
952, 0.904921796, 0.004530194, 0.633445257
953, 0.894972017, 0.005530733, 0.626480412
954, 0.885032742, 0.006630718, 0.619522919
955, 0.875104963, 0.00783004, 0.612573474
956, 0.865189673, 0.009128578, 0.605632771
957, 0.855287865, 0.010526202, 0.598701505
958, 0.845400527, 0.012022772, 0.591780369
959, 0.835528649, 0.013618139, 0.584870055
960, 0.825673219, 0.015312144, 0.577971253
961, 0.815835221, 0.017104617, 0.571084654
962, 0.806015639, 0.018995378, 0.564210947
963, 0.796215455, 0.02098424, 0.557350819
964, 0.78643565, 0.023071001, 0.550504955
965, 0.776677201, 0.025255455, 0.543674041
966, 0.766941084, 0.027537383, 0.536858759
967, 0.757228273, 0.029916556, 0.530059791
968, 0.747539738, 0.032392737, 0.523277817
969, 0.73787645, 0.034965677, 0.516513515
970, 0.728239374, 0.03763512, 0.509767562
971, 0.718629473, 0.040400799, 0.503040631
972, 0.709047709, 0.043262437, 0.496333397
973, 0.699495041, 0.046219748, 0.489646529
974, 0.689972422, 0.049272436, 0.482980696
975, 0.680480806, 0.052420196, 0.476336564
976, 0.671021142, 0.055662713, 0.469714799
977, 0.661594375, 0.058999664, 0.463116063
978, 0.652201449, 0.062430713, 0.456541014
979, 0.642843302, 0.065955519, 0.449990312
980, 0.633520871, 0.069573728, 0.44346461
981, 0.624235087, 0.073284979, 0.436964561
982, 0.614986879, 0.077088901, 0.430490815
983, 0.605777173, 0.080985113, 0.424044021
984, 0.596606888, 0.084973226, 0.417624821
985, 0.587476942, 0.089052841, 0.411233859
986, 0.578388248, 0.09322355, 0.404871774
987, 0.569341715, 0.097484935, 0.398539201
988, 0.560338248, 0.101836572, 0.392236773
989, 0.551378746, 0.106278024, 0.385965122
990, 0.542464106, 0.110808847, 0.379724874
991, 0.533595219, 0.115428589, 0.373516654
992, 0.524772973, 0.120136788, 0.367341081
993, 0.515998249, 0.124932971, 0.361198774
994, 0.507271924, 0.129816661, 0.355090347
995, 0.498594872, 0.134787369, 0.34901641
996, 0.48996796, 0.139844597, 0.342977572
997, 0.48139205, 0.144987839, 0.336974435
998, 0.472868002, 0.150216583, 0.331007601
999, 0.464396665, 0.155530304, 0.325077666
1000, 0.455978889, 0.160928471, 0.319185222
1001, 0.447615514, 0.166410545, 0.31333086
1002, 0.439307378, 0.171975977, 0.307515165
1003, 0.43105531, 0.17762421, 0.301738717
1004, 0.422860136, 0.183354681, 0.296002095
1005, 0.414722676, 0.189166815, 0.290305873
1006, 0.406643743, 0.195060032, 0.28465062
1007, 0.398624145, 0.201033742, 0.279036901